entity_type,entity_id,txn_velocity_24h,recency_decay,ts_anomaly,rule_uplift,device_entropy,ip_reputation,initial_balance,account_country,business_type,amlsim_typology,is_mule
account,0,4.0,1.0,0.5317,0.0,,,96646.86,US,I,,0
account,1,26.0,1.0,0.7682,0.2,,,80707.36,US,I,,0
account,2,23.0,1.0,0.7359,0.2,,,52101.10,US,I,,0
account,3,79.0,1.0,0.8884,0.2,,,90324.40,US,I,,0
account,4,81.0,1.0,0.8851,0.2,,,91267.86,US,I,,0
account,5,79.0,1.0,0.8911,0.2,,,77717.44,US,I,,0
account,6,120.0,1.0,0.8983,0.2,,,69099.23,US,I,,0
account,7,124.0,1.0,0.8919,0.2,,,97479.13,US,I,,0
account,8,111.0,1.0,0.8937,0.2,,,98752.44,US,I,fan_in,1
account,9,123.0,1.0,0.8911,0.2,,,88834.29,US,I,fan_in,1
account,10,149.0,1.0,0.8953,0.2,,,92168.76,US,I,,0
account,11,154.0,1.0,0.8974,0.2,,,81167.91,US,I,,0
account,12,160.0,1.0,0.89,0.2,,,73205.69,US,I,,0
account,13,151.0,1.0,0.8954,0.2,,,98213.62,US,I,,0
account,14,158.0,1.0,0.8873,0.2,,,55914.61,US,I,,0
account,15,193.0,1.0,0.8953,0.2,,,55743.03,US,I,,0
account,16,196.0,1.0,0.899,0.2,,,50963.87,US,I,,0
account,17,197.0,1.0,0.8995,0.2,,,93010.16,US,I,,0
account,18,191.0,1.0,0.8932,0.2,,,92937.23,US,I,,0
account,19,201.0,1.0,0.8955,0.2,,,78765.19,US,I,,0
account,20,199.0,1.0,0.8985,0.2,,,72409.24,US,I,,0
account,21,197.0,1.0,0.8995,0.2,,,93546.54,US,I,,0
account,22,183.0,1.0,0.894,0.2,,,94007.32,US,I,,0
account,23,172.0,1.0,0.8919,0.2,,,99168.24,US,I,,0
account,24,193.0,1.0,0.8974,0.2,,,53332.53,US,I,cycle,1
account,25,203.0,1.0,0.8985,0.2,,,98268.42,US,I,,0
account,26,188.0,1.0,0.8947,0.2,,,55712.15,US,I,,0
account,27,172.0,1.0,0.8942,0.2,,,73519.93,US,I,,0
account,28,161.0,1.0,0.8969,0.2,,,69375.75,US,I,,0
account,29,173.0,1.0,0.8971,0.2,,,85092.23,US,I,,0
account,30,177.0,1.0,0.8949,0.2,,,55751.12,US,I,,0
account,31,170.0,1.0,0.8988,0.2,,,70795.70,US,I,,0
account,32,171.0,1.0,0.8959,0.2,,,63029.65,US,I,,0
account,33,172.0,1.0,0.8942,0.2,,,59443.26,US,I,,0
account,34,181.0,1.0,0.8983,0.2,,,61343.35,US,I,,0
account,35,175.0,1.0,0.8926,0.2,,,90007.30,US,I,,0
account,36,130.0,1.0,0.8954,0.2,,,89970.50,US,I,,0
account,37,131.0,1.0,0.8962,0.2,,,79124.72,US,I,,0
account,38,141.0,1.0,0.8993,0.2,,,72121.69,US,I,fan_in,1
account,39,131.0,1.0,0.8977,0.2,,,72442.82,US,I,,0
account,40,139.0,1.0,0.8978,0.2,,,70798.81,US,I,,0
account,41,137.0,1.0,0.892,0.2,,,97577.93,US,I,,0
account,42,133.0,1.0,0.8992,0.2,,,53933.01,US,I,,0
account,43,131.0,1.0,0.8931,0.2,,,98240.77,US,I,,0
account,44,128.0,1.0,0.8922,0.2,,,63653.33,US,I,,0
account,45,93.0,1.0,0.8946,0.2,,,75736.41,US,I,,0
account,46,94.0,1.0,0.8979,0.2,,,68646.01,US,I,,0
account,47,91.0,1.0,0.8989,0.2,,,50687.14,US,I,,0
account,48,95.0,1.0,0.8989,0.2,,,86651.57,US,I,,0
account,49,91.0,1.0,0.8945,0.2,,,89135.94,US,I,cycle,1
account,50,99.0,1.0,0.899,0.2,,,72213.16,US,I,,0
account,51,99.0,1.0,0.897,0.2,,,60511.57,US,I,,0
account,52,96.0,1.0,0.8958,0.2,,,63002.92,US,I,,0
account,53,100.0,1.0,0.898,0.2,,,62749.07,US,I,fan_in,1
account,54,88.0,1.0,0.8977,0.2,,,98105.52,US,I,,0
account,55,87.0,1.0,0.892,0.2,,,84735.69,US,I,cycle,1
account,56,72.0,1.0,0.8944,0.2,,,68179.88,US,I,,0
account,57,83.0,1.0,0.8916,0.2,,,74652.77,US,I,,0
account,58,86.0,1.0,0.893,0.2,,,97111.38,US,I,,0
account,59,78.0,1.0,0.8897,0.2,,,51067.89,US,I,,0
account,60,77.0,1.0,0.8935,0.2,,,84707.30,US,I,,0
account,61,80.0,1.0,0.8925,0.2,,,55069.67,US,I,,0
account,62,87.0,1.0,0.8874,0.2,,,83732.75,US,I,fan_out,1
account,63,81.0,1.0,0.8988,0.2,,,76407.42,US,I,,0
account,64,79.0,1.0,0.8911,0.2,,,50082.14,US,I,,0
account,65,84.0,1.0,0.8952,0.2,,,52517.33,US,I,,0
account,66,47.0,1.0,0.8847,0.2,,,90804.48,US,I,,0
account,67,51.0,1.0,0.8941,0.2,,,67761.01,US,I,,0
account,68,49.0,1.0,0.898,0.2,,,81377.43,US,I,,0
account,69,53.0,1.0,0.8981,0.2,,,50567.74,US,I,,0
account,70,50.0,1.0,0.9,0.2,,,89530.07,US,I,,0
account,71,49.0,1.0,0.8939,0.2,,,50369.88,US,I,,0
account,72,51.0,1.0,0.8941,0.2,,,94290.68,US,I,,0
account,73,48.0,1.0,0.8935,0.2,,,95321.99,US,I,,0
account,74,51.0,1.0,0.8941,0.2,,,85691.61,US,I,,0
account,75,53.0,1.0,0.8906,0.2,,,90906.82,US,I,,0
account,76,54.0,1.0,0.9,0.2,,,53369.68,US,I,,0
account,77,53.0,1.0,0.883,0.2,,,95122.21,US,I,,0
account,78,45.0,1.0,0.8545,0.2,,,95387.76,US,I,,0
account,79,50.0,1.0,0.8761,0.2,,,93633.26,US,I,,0
account,80,47.0,1.0,0.8693,0.2,,,59272.05,US,I,,0
account,81,47.0,1.0,0.8675,0.2,,,94429.59,US,I,,0
account,82,47.0,1.0,0.879,0.2,,,92319.97,US,I,,0
account,83,46.0,1.0,0.874,0.2,,,72217.51,US,I,,0
account,84,49.0,1.0,0.8804,0.2,,,59592.95,US,I,,0
account,85,46.0,1.0,0.8753,0.2,,,84852.58,US,I,,0
account,86,47.0,1.0,0.8766,0.2,,,73924.98,US,I,,0
account,87,48.0,1.0,0.8784,0.2,,,79159.90,US,I,,0
account,88,47.0,1.0,0.8788,0.2,,,98628.89,US,I,,0
account,89,46.0,1.0,0.8825,0.2,,,63074.60,US,I,,0
account,90,47.0,1.0,0.884,0.2,,,71098.81,US,I,,0
account,91,39.0,1.0,0.8484,0.2,,,79032.78,US,I,,0
account,92,39.0,1.0,0.851,0.2,,,74152.17,US,I,,0
account,93,41.0,1.0,0.8649,0.2,,,77289.73,US,I,fan_in,1
account,94,38.0,1.0,0.8476,0.2,,,66364.40,US,I,,0
account,95,39.0,1.0,0.8571,0.2,,,74921.19,US,I,,0
account,96,40.0,1.0,0.8544,0.2,,,77370.04,US,I,,0
account,97,41.0,1.0,0.8625,0.2,,,51591.34,US,I,fan_out,1
account,98,39.0,1.0,0.8535,0.2,,,88949.00,US,I,,0
account,99,39.0,1.0,0.8605,0.2,,,97715.52,US,I,,0
account,100,37.0,1.0,0.8524,0.2,,,68393.34,US,I,,0
account,101,39.0,1.0,0.8548,0.2,,,56058.86,US,I,,0
account,102,37.0,1.0,0.8449,0.2,,,98929.48,US,I,,0
account,103,39.0,1.0,0.8518,0.2,,,86399.92,US,I,fan_out,1
account,104,38.0,1.0,0.859,0.2,,,80478.67,US,I,,0
account,105,33.0,1.0,0.8374,0.2,,,96992.68,US,I,,0
account,106,37.0,1.0,0.8604,0.2,,,55467.18,US,I,,0
account,107,30.0,1.0,0.826,0.2,,,99235.77,US,I,,0
account,108,38.0,1.0,0.8692,0.2,,,69923.27,US,I,fan_in,1
account,109,36.0,1.0,0.8557,0.2,,,63078.12,US,I,,0
account,110,35.0,1.0,0.8541,0.2,,,73183.32,US,I,,0
account,111,36.0,1.0,0.863,0.2,,,82566.74,US,I,,0
account,112,35.0,1.0,0.8565,0.2,,,55093.11,US,I,,0
account,113,36.0,1.0,0.8526,0.2,,,90438.80,US,I,,0
account,114,34.0,1.0,0.8482,0.2,,,98439.41,US,I,,0
account,115,36.0,1.0,0.8643,0.2,,,55406.41,US,I,,0
account,116,36.0,1.0,0.8589,0.2,,,75848.96,US,I,,0
account,117,38.0,1.0,0.8662,0.2,,,60445.79,US,I,fan_out,1
account,118,36.0,1.0,0.859,0.2,,,58317.14,US,I,,0
account,119,35.0,1.0,0.8567,0.2,,,55831.51,US,I,,0
account,120,23.0,1.0,0.7859,0.2,,,78200.13,US,I,,0
account,121,21.0,1.0,0.7738,0.2,,,52040.77,US,I,,0
account,122,23.0,1.0,0.7864,0.2,,,53773.51,US,I,,0
account,123,23.0,1.0,0.7839,0.2,,,78255.36,US,I,,0
account,124,23.0,1.0,0.7616,0.2,,,56055.87,US,I,,0
account,125,22.0,1.0,0.7592,0.2,,,66850.85,US,I,,0
account,126,22.0,1.0,0.7549,0.2,,,86071.34,US,I,,0
account,127,21.0,1.0,0.7426,0.2,,,61911.29,US,I,,0
account,128,22.0,1.0,0.761,0.2,,,70030.16,US,I,cycle,1
account,129,23.0,1.0,0.7628,0.2,,,50051.64,US,I,,0
account,130,22.0,1.0,0.7646,0.2,,,50273.54,US,I,cycle,1
account,131,22.0,1.0,0.7639,0.2,,,96638.71,US,I,,0
account,132,22.0,1.0,0.7573,0.2,,,69062.07,US,I,,0
account,133,23.0,1.0,0.7653,0.2,,,77099.82,US,I,,0
account,134,23.0,1.0,0.7665,0.2,,,89795.23,US,I,,0
account,135,23.0,1.0,0.7621,0.2,,,71647.94,US,I,,0
account,136,10.0,1.0,0.621,0.0,,,58485.05,US,I,,0
account,137,9.0,1.0,0.5745,0.0,,,86543.09,US,I,,0
account,138,10.0,1.0,0.6272,0.0,,,89785.81,US,I,,0
account,139,13.0,1.0,0.6578,0.0,,,55661.17,US,I,,0
account,140,11.0,1.0,0.6581,0.0,,,52331.19,US,I,,0
account,141,10.0,1.0,0.6302,0.0,,,67069.84,US,I,,0
account,142,11.0,1.0,0.6283,0.0,,,65254.87,US,I,,0
account,143,10.0,1.0,0.6284,0.0,,,54488.82,US,I,,0
account,144,11.0,1.0,0.6325,0.0,,,58864.57,US,I,,0
account,145,7.0,1.0,0.5778,0.0,,,82764.79,US,I,,0
account,146,12.0,1.0,0.6391,0.0,,,62202.49,US,I,,0
account,147,9.0,1.0,0.641,0.0,,,66824.86,US,I,,0
account,148,11.0,1.0,0.6518,0.0,,,88617.27,US,I,,0
account,149,11.0,1.0,0.656,0.0,,,64223.08,US,I,,0
account,150,11.0,1.0,0.6463,0.0,,,91754.97,US,I,,0
account,151,10.0,1.0,0.6278,0.0,,,81030.61,US,I,,0
account,152,13.0,1.0,0.6664,0.0,,,68845.19,US,I,,0
account,153,15.0,1.0,0.7021,0.08,,,89881.35,US,I,,0
account,154,17.0,1.0,0.7167,0.08,,,78773.02,US,I,cycle,1
account,155,18.0,1.0,0.7491,0.2,,,90374.28,US,I,,0
account,156,12.0,1.0,0.6714,0.08,,,79202.47,US,I,,0
account,157,17.0,1.0,0.7312,0.08,,,77384.91,US,I,,0
account,158,15.0,1.0,0.7129,0.08,,,91629.50,US,I,,0
account,159,14.0,1.0,0.6985,0.08,,,92832.85,US,I,,0
account,160,17.0,1.0,0.7228,0.08,,,73973.21,US,I,,0
account,161,14.0,1.0,0.7219,0.08,,,92026.37,US,I,,0
account,162,17.0,1.0,0.7356,0.08,,,78179.75,US,I,,0
account,163,12.0,1.0,0.6932,0.08,,,90316.07,US,I,,0
account,164,16.0,1.0,0.7137,0.08,,,51338.10,US,I,,0
account,165,12.0,1.0,0.6921,0.08,,,54605.16,US,I,,0
account,166,17.0,1.0,0.737,0.08,,,90774.21,US,I,,0
account,167,17.0,1.0,0.7311,0.08,,,66169.95,US,I,,0
account,168,14.0,1.0,0.7103,0.08,,,77228.70,US,I,,0
account,169,13.0,1.0,0.6917,0.08,,,75194.52,US,I,,0
account,170,17.0,1.0,0.7414,0.08,,,88841.49,US,I,,0
account,171,12.0,1.0,0.6929,0.08,,,74983.79,US,I,,0
account,172,10.0,1.0,0.6637,0.08,,,68701.85,US,I,,0
account,173,12.0,1.0,0.6944,0.08,,,88458.52,US,I,,0
account,174,10.0,1.0,0.6412,0.0,,,62432.55,US,I,,0
account,175,14.0,1.0,0.7011,0.08,,,57760.68,US,I,,0
account,176,11.0,1.0,0.6727,0.08,,,84647.49,US,I,cycle,1
account,177,13.0,1.0,0.6675,0.0,,,82712.44,US,I,fan_in,1
account,178,9.0,1.0,0.6474,0.0,,,54334.18,US,I,,0
account,179,11.0,1.0,0.6811,0.08,,,89381.53,US,I,,0
account,180,13.0,1.0,0.664,0.0,,,78617.45,US,I,cycle,1
account,181,12.0,1.0,0.693,0.08,,,66588.82,US,I,,0
account,182,10.0,1.0,0.6453,0.0,,,56847.16,US,I,,0
account,183,10.0,1.0,0.6507,0.0,,,62681.07,US,I,,0
account,184,11.0,1.0,0.6583,0.0,,,85602.98,US,I,,0
account,185,9.0,1.0,0.6433,0.0,,,69363.02,US,I,,0
account,186,11.0,1.0,0.6635,0.0,,,54454.41,US,I,,0
account,187,10.0,1.0,0.676,0.08,,,95202.17,US,I,,0
account,188,12.0,1.0,0.6972,0.08,,,93781.24,US,I,,0
account,189,9.0,1.0,0.6515,0.0,,,67739.04,US,I,,0
account,190,10.0,1.0,0.6725,0.08,,,59330.54,US,I,,0
account,191,10.0,1.0,0.6732,0.08,,,80355.34,US,I,,0
account,192,9.0,1.0,0.65,0.0,,,59367.80,US,I,,0
account,193,8.0,1.0,0.6416,0.0,,,87490.40,US,I,,0
account,194,9.0,1.0,0.6454,0.0,,,81389.22,US,I,,0
account,195,7.0,1.0,0.6085,0.0,,,62267.85,US,I,,0
account,196,8.0,1.0,0.6204,0.0,,,58634.59,US,I,,0
account,197,7.0,1.0,0.6089,0.0,,,95425.04,US,I,,0
account,198,8.0,1.0,0.6447,0.0,,,76271.71,US,I,,0
account,199,8.0,1.0,0.6126,0.0,,,68732.79,US,I,,0
account,200,9.0,1.0,0.6505,0.0,,,77246.04,US,I,,0
account,201,9.0,1.0,0.6472,0.0,,,56612.89,US,I,,0
account,202,7.0,1.0,0.613,0.0,,,95606.15,US,I,,0
account,203,9.0,1.0,0.6474,0.0,,,95376.02,US,I,,0
account,204,8.0,1.0,0.6429,0.0,,,50520.55,US,I,,0
account,205,8.0,1.0,0.6412,0.0,,,87577.30,US,I,,0
account,206,7.0,1.0,0.6099,0.0,,,66065.50,US,I,,0
account,207,10.0,1.0,0.6731,0.08,,,89779.81,US,I,,0
account,208,10.0,1.0,0.6693,0.08,,,82779.92,US,I,,0
account,209,8.0,1.0,0.6186,0.0,,,87408.95,US,I,,0
account,210,7.0,1.0,0.6102,0.0,,,75069.80,US,I,,0
account,211,6.0,1.0,0.6037,0.0,,,73834.14,US,I,,0
account,212,8.0,1.0,0.6394,0.0,,,67870.33,US,I,,0
account,213,6.0,1.0,0.5766,0.0,,,64076.29,US,I,,0
account,214,5.0,1.0,0.5627,0.0,,,58024.29,US,I,,0
account,215,8.0,1.0,0.6446,0.0,,,79913.74,US,I,,0
account,216,3.0,1.0,0.4862,0.0,,,85692.25,US,I,,0
account,217,5.0,1.0,0.5576,0.0,,,63268.93,US,I,,0
account,218,8.0,1.0,0.6489,0.0,,,99004.92,US,I,,0
account,219,7.0,1.0,0.615,0.0,,,70852.92,US,I,,0
account,220,9.0,1.0,0.6477,0.0,,,73171.86,US,I,cycle,1
account,221,5.0,1.0,0.5652,0.0,,,54376.87,US,I,,0
account,222,7.0,1.0,0.6173,0.0,,,78207.57,US,I,,0
account,223,7.0,1.0,0.6164,0.0,,,94089.53,US,I,,0
account,224,8.0,1.0,0.6427,0.0,,,66961.61,US,I,,0
account,225,7.0,1.0,0.6166,0.0,,,77894.62,US,I,,0
account,226,8.0,1.0,0.6467,0.0,,,61710.68,US,I,,0
account,227,8.0,1.0,0.6412,0.0,,,69288.97,US,I,,0
account,228,6.0,1.0,0.6022,0.0,,,91401.31,US,I,,0
account,229,8.0,1.0,0.6516,0.0,,,76511.42,US,I,,0
account,230,7.0,1.0,0.6218,0.0,,,53023.64,US,I,,0
account,231,9.0,1.0,0.6442,0.0,,,64272.02,US,I,,0
account,232,10.0,1.0,0.6608,0.0,,,85620.99,US,I,,0
account,233,7.0,1.0,0.6114,0.0,,,89892.83,US,I,,0
account,234,8.0,1.0,0.6503,0.0,,,73231.73,US,I,,0
account,235,10.0,1.0,0.6577,0.0,,,81942.44,US,I,,0
account,236,6.0,1.0,0.5754,0.0,,,86003.83,US,I,,0
account,237,6.0,1.0,0.5744,0.0,,,76400.65,US,I,,0
account,238,7.0,1.0,0.5752,0.0,,,99453.44,US,I,,0
account,239,9.0,1.0,0.6525,0.0,,,93386.70,US,I,,0
account,240,9.0,1.0,0.6528,0.0,,,97253.51,US,I,,0
account,241,10.0,1.0,0.6595,0.0,,,92308.67,US,I,cycle,1
account,242,10.0,1.0,0.6558,0.0,,,64753.33,US,I,,0
account,243,10.0,1.0,0.6571,0.0,,,78066.47,US,I,,0
account,244,9.0,1.0,0.6284,0.0,,,76972.79,US,I,cycle,1
account,245,8.0,1.0,0.622,0.0,,,65582.55,US,I,,0
account,246,9.0,1.0,0.6296,0.0,,,89101.70,US,I,,0
account,247,9.0,1.0,0.6277,0.0,,,67216.84,US,I,,0
account,248,7.0,1.0,0.6167,0.0,,,65769.37,US,I,,0
account,249,9.0,1.0,0.6464,0.0,,,51243.06,US,I,,0
account,250,9.0,1.0,0.6254,0.0,,,90689.95,US,I,,0
account,251,9.0,1.0,0.6318,0.0,,,85151.73,US,I,,0
account,252,8.0,1.0,0.5991,0.0,,,67548.22,US,I,,0
account,253,6.0,1.0,0.5475,0.0,,,89823.83,US,I,,0
account,254,2.0,1.0,0.3827,0.0,,,57853.16,US,I,,0
account,255,6.0,1.0,0.5474,0.0,,,76640.44,US,I,,0
account,256,5.0,1.0,0.529,0.0,,,75384.33,US,I,,0
account,257,7.0,1.0,0.5642,0.0,,,86177.15,US,I,,0
account,258,6.0,1.0,0.5475,0.0,,,66564.70,US,I,,0
account,259,4.0,1.0,0.4664,0.0,,,93326.76,US,I,,0
account,260,6.0,1.0,0.5497,0.0,,,59489.83,US,I,,0
account,261,4.0,1.0,0.5091,0.0,,,52400.62,US,I,,0
account,262,6.0,1.0,0.5527,0.0,,,73242.92,US,I,,0
account,263,5.0,1.0,0.5337,0.0,,,69341.37,US,I,,0
account,264,7.0,1.0,0.5696,0.1,,,96021.27,US,I,,0
account,265,5.0,1.0,0.5311,0.0,,,94262.27,US,I,fan_in,1
account,266,6.0,1.0,0.5206,0.0,,,55082.98,US,I,,0
account,267,5.0,1.0,0.4968,0.0,,,59182.21,US,I,,0
account,268,5.0,1.0,0.497,0.0,,,62675.24,US,I,,0
account,269,6.0,1.0,0.552,0.0,,,58285.06,US,I,,0
account,270,4.0,1.0,0.4688,0.0,,,79516.88,US,I,,0
account,271,6.0,1.0,0.5531,0.0,,,68901.79,US,I,,0
account,272,4.0,1.0,0.5166,0.0,,,89835.90,US,I,,0
account,273,5.0,1.0,0.498,0.0,,,60006.61,US,I,,0
account,274,4.0,1.0,0.4696,0.0,,,52292.14,US,I,,0
account,275,7.0,1.0,0.5671,0.1,,,77084.42,US,I,,0
account,276,7.0,1.0,0.6007,0.0,,,95371.91,US,I,,0
account,277,6.0,1.0,0.5889,0.0,,,53247.36,US,I,,0
account,278,5.0,1.0,0.5461,0.0,,,96548.31,US,I,,0
account,279,7.0,1.0,0.6047,0.0,,,55701.62,US,I,,0
account,280,7.0,1.0,0.5782,0.0,,,97764.03,US,I,,0
account,281,3.0,1.0,0.4637,0.0,,,55430.42,US,I,,0
account,282,7.0,1.0,0.5854,0.0,,,92206.66,US,I,,0
account,283,5.0,1.0,0.5418,0.0,,,88885.71,US,I,,0
account,284,6.0,1.0,0.5684,0.0,,,72699.13,US,I,,0
account,285,6.0,1.0,0.5724,0.0,,,70792.84,US,I,,0
account,286,7.0,1.0,0.5887,0.0,,,60165.65,US,I,,0
account,287,6.0,1.0,0.5798,0.0,,,72014.73,US,I,,0
account,288,6.0,1.0,0.5607,0.0,,,66011.77,US,I,,0
account,289,6.0,1.0,0.5895,0.0,,,77979.05,US,I,,0
account,290,5.0,1.0,0.4961,0.0,,,92805.30,US,I,,0
account,291,6.0,1.0,0.5592,0.0,,,51959.19,US,I,,0
account,292,5.0,1.0,0.5381,0.0,,,87244.18,US,I,,0
account,293,7.0,1.0,0.6031,0.0,,,73428.34,US,I,,0
account,294,5.0,1.0,0.5549,0.0,,,86172.18,US,I,,0
account,295,7.0,1.0,0.583,0.0,,,92707.76,US,I,cycle,1
account,296,5.0,1.0,0.5486,0.0,,,78778.08,US,I,,0
account,297,5.0,1.0,0.5373,0.0,,,67065.05,US,I,,0
account,298,4.0,1.0,0.5247,0.0,,,92730.84,US,I,,0
account,299,5.0,1.0,0.5396,0.0,,,90196.53,US,I,,0
account,300,9.0,1.0,0.6402,0.0,,,94758.12,US,I,,0
account,301,11.0,1.0,0.6631,0.08,,,86021.85,US,I,,0
account,302,9.0,1.0,0.6206,0.0,,,78505.55,US,I,,0
account,303,8.0,1.0,0.6298,0.0,,,91437.39,US,I,,0
account,304,12.0,1.0,0.6806,0.08,,,79703.98,US,I,,0
account,305,10.0,1.0,0.6668,0.08,,,72336.95,US,I,,0
account,306,11.0,1.0,0.6691,0.08,,,85091.07,US,I,,0
account,307,10.0,1.0,0.6572,0.08,,,99972.50,US,I,,0
account,308,7.0,1.0,0.594,0.0,,,60781.71,US,I,,0
account,309,10.0,1.0,0.6656,0.08,,,96019.96,US,I,,0
account,310,9.0,1.0,0.6414,0.0,,,93529.07,US,I,,0
account,311,9.0,1.0,0.6356,0.0,,,51828.77,US,I,,0
account,312,7.0,1.0,0.5953,0.0,,,54189.90,US,I,,0
account,313,9.0,1.0,0.6235,0.0,,,83365.97,US,I,,0
account,314,9.0,1.0,0.6369,0.0,,,75033.94,US,I,,0
account,315,8.0,1.0,0.6389,0.0,,,59175.81,US,I,,0
account,316,7.0,1.0,0.6008,0.0,,,93187.82,US,I,,0
account,317,10.0,1.0,0.6621,0.08,,,50017.22,US,I,,0
account,318,10.0,1.0,0.6606,0.08,,,53873.81,US,I,,0
account,319,11.0,1.0,0.6731,0.08,,,78127.60,US,I,,0
account,320,10.0,1.0,0.6657,0.08,,,60671.73,US,I,,0
account,321,8.0,1.0,0.6307,0.0,,,77894.36,US,I,,0
account,322,12.0,1.0,0.6897,0.08,,,97815.08,US,I,,0
account,323,10.0,1.0,0.6551,0.08,,,50897.18,US,I,,0
account,324,10.0,1.0,0.6461,0.0,,,55136.59,US,I,,0
account,325,14.0,1.0,0.6677,0.0,,,84953.08,US,I,,0
account,326,14.0,1.0,0.6659,0.0,,,89148.21,US,I,,0
account,327,14.0,1.0,0.6717,0.0,,,66437.14,US,I,,0
account,328,13.0,1.0,0.6444,0.0,,,56505.33,US,I,fan_out,1
account,329,13.0,1.0,0.6501,0.0,,,67592.55,US,I,,0
account,330,14.0,1.0,0.6678,0.0,,,71887.90,US,I,,0
account,331,15.0,1.0,0.6902,0.08,,,68099.56,US,I,fan_in,1
account,332,13.0,1.0,0.6562,0.0,,,51191.17,US,I,,0
account,333,14.0,1.0,0.6712,0.0,,,96167.09,US,I,,0
account,334,12.0,1.0,0.662,0.0,,,51686.87,US,I,,0
account,335,11.0,1.0,0.6067,0.1,,,53651.68,US,I,,0
account,336,12.0,1.0,0.6225,0.0,,,77660.96,US,I,,0
account,337,11.0,1.0,0.6324,0.0,,,88057.71,US,I,,0
account,338,13.0,1.0,0.6647,0.0,,,58570.94,US,I,,0
account,339,12.0,1.0,0.6297,0.1,,,57982.26,US,I,,0
account,340,13.0,1.0,0.6484,0.0,,,56262.11,US,I,,0
account,341,14.0,1.0,0.6807,0.0,,,85678.24,US,I,,0
account,342,10.0,1.0,0.6225,0.0,,,93476.55,US,I,,0
account,343,9.0,1.0,0.6236,0.0,,,69370.62,US,I,,0
account,344,13.0,1.0,0.6701,0.0,,,60341.72,US,I,,0
account,345,13.0,1.0,0.6559,0.0,,,89249.98,US,I,,0
account,346,8.0,1.0,0.5778,0.0,,,88999.74,US,I,,0
account,347,11.0,1.0,0.6364,0.0,,,75312.22,US,I,,0
account,348,11.0,1.0,0.6006,0.0,,,84729.48,US,I,cycle,1
account,349,17.0,1.0,0.7235,0.08,,,97678.49,US,I,fan_out,1
account,350,13.0,1.0,0.653,0.0,,,77809.98,US,I,,0
account,351,10.0,1.0,0.6491,0.0,,,71098.57,US,I,,0
account,352,8.0,1.0,0.6129,0.0,,,63980.85,US,I,,0
account,353,9.0,1.0,0.6465,0.0,,,52847.46,US,I,,0
account,354,8.0,1.0,0.6333,0.0,,,76155.90,US,I,,0
account,355,8.0,1.0,0.6376,0.0,,,73286.18,US,I,,0
account,356,8.0,1.0,0.6099,0.0,,,76728.60,US,I,,0
account,357,6.0,1.0,0.5966,0.0,,,81687.23,US,I,,0
account,358,9.0,1.0,0.6457,0.0,,,76264.85,US,I,,0
account,359,9.0,1.0,0.626,0.0,,,95985.07,US,I,,0
account,360,7.0,1.0,0.6009,0.0,,,72197.77,US,I,,0
account,361,7.0,1.0,0.5976,0.0,,,84978.62,US,I,,0
account,362,7.0,1.0,0.6011,0.0,,,61069.01,US,I,,0
account,363,6.0,1.0,0.599,0.0,,,50580.99,US,I,,0
account,364,9.0,1.0,0.6267,0.0,,,85411.03,US,I,,0
account,365,7.0,1.0,0.6028,0.0,,,50412.81,US,I,,0
account,366,9.0,1.0,0.6455,0.0,,,93543.22,US,I,,0
account,367,6.0,1.0,0.565,0.0,,,70594.66,US,I,,0
account,368,8.0,1.0,0.6425,0.0,,,83055.56,US,I,,0
account,369,9.0,1.0,0.6394,0.0,,,93680.80,US,I,,0
account,370,9.0,1.0,0.6433,0.0,,,73184.16,US,I,,0
account,371,6.0,1.0,0.6037,0.0,,,91724.79,US,I,,0
account,372,8.0,1.0,0.6102,0.0,,,78402.52,US,I,,0
account,373,9.0,1.0,0.6281,0.0,,,57878.66,US,I,,0
account,374,7.0,1.0,0.5761,0.0,,,81579.85,US,I,,0
account,375,9.0,1.0,0.6495,0.0,,,72431.55,US,I,,0
account,376,9.0,1.0,0.6227,0.0,,,88175.21,US,I,,0
account,377,9.0,1.0,0.6213,0.0,,,68318.44,US,I,,0
account,378,3.0,1.0,0.4763,0.0,,,96069.59,US,I,,0
account,379,3.0,1.0,0.4845,0.0,,,87459.68,US,I,,0
account,380,4.0,1.0,0.5444,0.0,,,67431.20,US,I,,0
account,381,2.0,1.0,0.4583,0.0,,,94504.72,US,I,,0
account,382,4.0,1.0,0.5493,0.0,,,84630.82,US,I,,0
account,383,4.0,1.0,0.5592,0.0,,,68998.58,US,I,,0
account,384,4.0,1.0,0.5512,0.0,,,80738.59,US,I,,0
account,385,4.0,1.0,0.5465,0.0,,,99882.13,US,I,,0
account,386,3.0,1.0,0.4943,0.0,,,58097.50,US,I,,0
account,387,4.0,1.0,0.5553,0.0,,,70480.14,US,I,,0
account,388,4.0,1.0,0.5511,0.0,,,58938.16,US,I,,0
account,389,3.0,1.0,0.4605,0.0,,,60640.15,US,I,,0
account,390,4.0,1.0,0.5527,0.0,,,57850.11,US,I,,0
account,391,4.0,1.0,0.5521,0.0,,,79113.23,US,I,,0
account,392,2.0,1.0,0.4771,0.0,,,54879.56,US,I,,0
account,393,3.0,1.0,0.4824,0.0,,,91343.91,US,I,,0
account,394,5.0,1.0,0.5548,0.0,,,90738.68,US,I,fan_in,1
account,395,3.0,1.0,0.4862,0.0,,,93618.63,US,I,,0
account,396,4.0,1.0,0.5431,0.0,,,56187.91,US,I,,0
account,397,3.0,1.0,0.4675,0.0,,,82124.70,US,I,cycle,1
account,398,3.0,1.0,0.4833,0.0,,,74699.24,US,I,,0
account,399,4.0,1.0,0.553,0.0,,,81962.53,US,I,,0
account,400,3.0,1.0,0.485,0.0,,,75504.21,US,I,,0
account,401,4.0,1.0,0.5528,0.0,,,95253.00,US,I,,0
account,402,3.0,1.0,0.4801,0.0,,,85213.89,US,I,fan_out,1
account,403,3.0,1.0,0.4783,0.0,,,71394.77,US,I,,0
account,404,2.0,1.0,0.4594,0.0,,,57450.31,US,I,,0
account,405,4.0,1.0,0.5585,0.0,,,59174.63,US,I,,0
account,406,2.0,1.0,0.3722,0.0,,,62218.94,US,I,,0
account,407,4.0,1.0,0.4549,0.0,,,72312.71,US,I,,0
account,408,2.0,1.0,0.3726,0.0,,,79576.44,US,I,,0
account,409,4.0,1.0,0.4553,0.0,,,98906.23,US,I,,0
account,410,2.0,1.0,0.373,0.0,,,56254.58,US,I,,0
account,411,4.0,1.0,0.4558,0.0,,,79476.70,US,I,,0
account,412,3.0,1.0,0.4204,0.0,,,64563.24,US,I,,0
account,413,4.0,1.0,0.4562,0.0,,,66150.92,US,I,,0
account,414,3.0,1.0,0.4208,0.0,,,81651.36,US,I,,0
account,415,2.0,1.0,0.374,0.0,,,72987.92,US,I,,0
account,416,4.0,1.0,0.4568,0.0,,,61793.79,US,I,,0
account,417,2.0,1.0,0.3745,0.0,,,87718.62,US,I,,0
account,418,4.0,1.0,0.4572,0.0,,,85891.45,US,I,,0
account,419,2.0,1.0,0.3748,0.0,,,59835.63,US,I,,0
account,420,3.0,1.0,0.4221,0.0,,,99294.81,US,I,,0
account,421,4.0,1.0,0.4578,0.0,,,77148.23,US,I,,0
account,422,4.0,1.0,0.458,0.0,,,52455.19,US,I,,0
account,423,2.0,1.0,0.3756,0.0,,,88102.61,US,I,,0
account,424,5.0,1.0,0.4837,0.0,,,74390.44,US,I,fan_in,1
account,425,2.0,1.0,0.376,0.0,,,61052.28,US,I,,0
account,426,3.0,1.0,0.4232,0.0,,,96004.47,US,I,,0
account,427,4.0,1.0,0.4589,0.0,,,64010.84,US,I,,0
account,428,2.0,1.0,0.3766,0.0,,,54415.83,US,I,,0
account,429,4.0,1.0,0.4593,0.0,,,81437.96,US,I,,0
account,430,4.0,1.0,0.4595,0.0,,,63172.91,US,I,,0
account,431,4.0,1.0,0.4597,0.0,,,73896.19,US,I,,0
account,432,3.0,1.0,0.4243,0.0,,,54204.55,US,I,,0
account,433,2.0,1.0,0.3775,0.0,,,91057.66,US,I,,0
account,434,3.0,1.0,0.4247,0.0,,,53957.99,US,I,,0
account,435,9.0,1.0,0.6124,0.0,,,67588.54,US,I,,0
account,436,9.0,1.0,0.6303,0.0,,,88498.17,US,I,,0
account,437,8.0,1.0,0.6194,0.0,,,52652.54,US,I,,0
account,438,6.0,1.0,0.5801,0.0,,,83049.49,US,I,,0
account,439,5.0,1.0,0.5245,0.0,,,77937.55,US,I,,0
account,440,9.0,1.0,0.6368,0.0,,,59391.03,US,I,,0
account,441,8.0,1.0,0.6259,0.0,,,93474.81,US,I,,0
account,442,8.0,1.0,0.6236,0.0,,,91145.06,US,I,,0
account,443,10.0,1.0,0.6427,0.0,,,98749.82,US,I,,0
account,444,7.0,1.0,0.5887,0.0,,,84831.21,US,I,,0
account,445,9.0,1.0,0.6304,0.0,,,62146.72,US,I,,0
account,446,9.0,1.0,0.6336,0.0,,,52368.90,US,I,,0
account,447,9.0,1.0,0.6135,0.0,,,81501.95,US,I,,0
account,448,8.0,1.0,0.6271,0.0,,,69138.57,US,I,,0
account,449,9.0,1.0,0.6136,0.0,,,61278.81,US,I,,0
account,450,8.0,1.0,0.5805,0.1,,,97471.47,US,I,,0
account,451,7.0,1.0,0.5624,0.0,,,95138.21,US,I,,0
account,452,9.0,1.0,0.6108,0.0,,,83632.39,US,I,,0
account,453,9.0,1.0,0.6356,0.0,,,68649.53,US,I,,0
account,454,7.0,1.0,0.592,0.0,,,70286.35,US,I,,0
account,455,9.0,1.0,0.6339,0.0,,,64686.05,US,I,,0
account,456,8.0,1.0,0.6288,0.0,,,94673.92,US,I,,0
account,457,7.0,1.0,0.595,0.0,,,90816.56,US,I,,0
account,458,8.0,1.0,0.628,0.0,,,51139.47,US,I,,0
account,459,10.0,1.0,0.6436,0.0,,,99877.87,US,I,,0
account,460,8.0,1.0,0.6056,0.0,,,55671.67,US,I,,0
account,461,7.0,1.0,0.6189,0.0,,,85915.70,US,I,,0
account,462,9.0,1.0,0.6367,0.0,,,70225.92,US,I,,0
account,463,9.0,1.0,0.6348,0.0,,,88540.44,US,I,fan_out,1
account,464,8.0,1.0,0.6299,0.0,,,76420.57,US,I,,0
account,465,1.0,1.0,0.2903,0.0,,,79677.64,US,I,,0
account,466,2.0,1.0,0.3716,0.0,,,82409.05,US,I,,0
account,467,1.0,1.0,0.2775,0.0,,,78149.56,US,I,,0
account,468,1.0,1.0,0.314,0.0,,,80910.83,US,I,,0
account,469,2.0,1.0,0.3753,0.0,,,57345.83,US,I,,0
account,470,2.0,1.0,0.3745,0.0,,,65881.40,US,I,,0
account,471,2.0,1.0,0.3708,0.0,,,51077.64,US,I,,0
account,472,0.0,1.0,0.0,0.0,,,56952.10,US,I,,0
account,473,2.0,1.0,0.3293,0.0,,,61241.62,US,I,,0
account,474,2.0,1.0,0.3368,0.0,,,66484.25,US,I,,0
account,475,2.0,1.0,0.3486,0.0,,,64699.11,US,I,,0
account,476,2.0,1.0,0.3506,0.0,,,79736.70,US,I,,0
account,477,2.0,1.0,0.3499,0.0,,,77445.82,US,I,,0
account,478,1.0,1.0,0.2672,0.0,,,50320.15,US,I,,0
account,479,0.0,1.0,0.0,0.0,,,81920.72,US,I,,0
account,480,2.0,1.0,0.3713,0.0,,,67373.56,US,I,,0
account,481,2.0,1.0,0.3699,0.0,,,78842.08,US,I,,0
account,482,1.0,1.0,0.3112,0.0,,,68977.73,US,I,,0
account,483,1.0,1.0,0.3073,0.0,,,57820.15,US,I,,0
account,484,0.0,1.0,0.0,0.0,,,63398.07,US,I,,0
account,485,3.0,1.0,0.4007,0.0,,,63684.90,US,I,cycle,1
account,486,2.0,1.0,0.3774,0.0,,,58356.85,US,I,,0
account,487,2.0,1.0,0.3552,0.0,,,63934.17,US,I,,0
account,488,1.0,1.0,0.3135,0.0,,,61379.71,US,I,,0
account,489,1.0,1.0,0.3,0.0,,,66445.00,US,I,,0
account,490,2.0,1.0,0.3208,0.0,,,83031.94,US,I,,0
account,491,1.0,1.0,0.3045,0.0,,,75061.44,US,I,,0
account,492,2.0,1.0,0.3516,0.0,,,65443.81,US,I,,0
account,493,2.0,1.0,0.3693,0.0,,,82150.86,US,I,,0
account,494,2.0,1.0,0.3659,0.0,,,53708.81,US,I,,0
account,495,2.0,1.0,0.3652,0.0,,,91071.36,US,I,,0
account,496,1.0,1.0,0.3157,0.0,,,61323.03,US,I,,0
account,497,1.0,1.0,0.3157,0.0,,,84984.90,US,I,,0
account,498,1.0,1.0,0.3157,0.0,,,88239.04,US,I,,0
account,499,1.0,1.0,0.3158,0.0,,,98841.80,US,I,,0
account,500,1.0,1.0,0.3158,0.0,,,85104.35,US,I,,0
account,501,1.0,1.0,0.3158,0.0,,,57910.36,US,I,,0
account,502,1.0,1.0,0.3159,0.0,,,78073.32,US,I,,0
account,503,1.0,1.0,0.3159,0.0,,,97101.13,US,I,,0
account,504,1.0,1.0,0.316,0.0,,,59028.73,US,I,,0
account,505,1.0,1.0,0.316,0.0,,,70633.12,US,I,,0
account,506,1.0,1.0,0.316,0.0,,,74495.33,US,I,,0
account,507,1.0,1.0,0.3161,0.0,,,80575.19,US,I,,0
account,508,1.0,1.0,0.3161,0.0,,,64513.25,US,I,,0
account,509,1.0,1.0,0.3161,0.0,,,58632.12,US,I,,0
account,510,1.0,1.0,0.3162,0.0,,,86742.22,US,I,,0
account,511,1.0,1.0,0.3162,0.0,,,59034.28,US,I,,0
account,512,1.0,1.0,0.3162,0.0,,,90276.05,US,I,,0
account,513,1.0,1.0,0.3163,0.0,,,85530.91,US,I,,0
account,514,1.0,1.0,0.3163,0.0,,,76397.57,US,I,,0
account,515,1.0,1.0,0.3163,0.0,,,67325.44,US,I,,0
account,516,1.0,1.0,0.3164,0.0,,,90976.03,US,I,,0
account,517,1.0,1.0,0.3164,0.0,,,82625.49,US,I,,0
account,518,1.0,1.0,0.3164,0.0,,,82813.09,US,I,,0
account,519,1.0,1.0,0.3165,0.0,,,81207.21,US,I,,0
account,520,1.0,1.0,0.3165,0.0,,,91372.73,US,I,,0
account,521,1.0,1.0,0.3165,0.0,,,96509.65,US,I,,0
account,522,1.0,1.0,0.3166,0.0,,,75026.07,US,I,,0
account,523,1.0,1.0,0.3166,0.0,,,51864.12,US,I,,0
account,524,1.0,1.0,0.3167,0.0,,,95357.79,US,I,,0
account,525,1.0,1.0,0.3167,0.0,,,63341.14,US,I,,0
account,526,1.0,1.0,0.3167,0.0,,,70287.06,US,I,,0
account,527,1.0,1.0,0.3168,0.0,,,86538.89,US,I,,0
account,528,3.0,1.0,0.4927,0.0,,,59376.47,US,I,,0
account,529,4.0,1.0,0.4828,0.0,,,56186.40,US,I,,0
account,530,5.0,1.0,0.5329,0.0,,,87015.28,US,I,,0
account,531,5.0,1.0,0.5347,0.0,,,99935.26,US,I,,0
account,532,6.0,1.0,0.5422,0.0,,,97509.56,US,I,,0
account,533,5.0,1.0,0.4868,0.0,,,55061.45,US,I,fan_out,1
account,534,4.0,1.0,0.471,0.0,,,85134.31,US,I,,0
account,535,6.0,1.0,0.5362,0.0,,,74489.65,US,I,,0
account,536,6.0,1.0,0.536,0.0,,,74545.45,US,I,,0
account,537,4.0,1.0,0.5424,0.0,,,86692.84,US,I,,0
account,538,5.0,1.0,0.545,0.0,,,84538.48,US,I,,0
account,539,6.0,1.0,0.5471,0.0,,,63867.17,US,I,,0
account,540,5.0,1.0,0.4927,0.0,,,99189.12,US,I,,0
account,541,5.0,1.0,0.5501,0.0,,,65175.83,US,I,,0
account,542,3.0,1.0,0.4641,0.0,,,56051.25,US,I,,0
account,543,6.0,1.0,0.5304,0.0,,,97084.26,US,I,,0
account,544,3.0,1.0,0.4641,0.0,,,86368.86,US,I,,0
account,545,5.0,1.0,0.5226,0.0,,,53558.44,US,I,,0
account,546,5.0,1.0,0.5483,0.0,,,95589.54,US,I,,0
account,547,5.0,1.0,0.4866,0.0,,,82563.72,US,I,,0
account,548,6.0,1.0,0.5447,0.0,,,74179.92,US,I,,0
account,549,6.0,1.0,0.5464,0.0,,,89154.16,US,I,,0
account,550,4.0,1.0,0.4646,0.0,,,89320.12,US,I,,0
account,551,5.0,1.0,0.489,0.0,,,86818.09,US,I,,0
account,552,6.0,1.0,0.5089,0.0,,,80973.79,US,I,fan_in,1
account,553,4.0,1.0,0.5453,0.0,,,51527.62,US,I,,0
account,554,6.0,1.0,0.5571,0.0,,,72506.84,US,I,fan_in,1
account,555,4.0,1.0,0.5354,0.0,,,61669.48,US,I,,0
account,556,5.0,1.0,0.4837,0.0,,,96917.60,US,I,,0
account,557,5.0,1.0,0.528,0.0,,,95359.08,US,I,,0
account,558,4.0,1.0,0.4846,0.0,,,86536.71,US,I,,0
account,559,5.0,1.0,0.5553,0.0,,,82665.88,US,I,fan_in,1
account,560,5.0,1.0,0.5422,0.0,,,74902.97,US,I,,0
account,561,1.0,1.0,0.313,0.0,,,75526.91,US,I,,0
account,562,2.0,1.0,0.3704,0.0,,,50548.24,US,I,,0
account,563,1.0,1.0,0.3099,0.0,,,51258.30,US,I,,0
account,564,0.0,1.0,0.0,0.0,,,77497.16,US,I,,0
account,565,2.0,1.0,0.3736,0.0,,,62399.11,US,I,,0
account,566,2.0,1.0,0.344,0.0,,,62472.38,US,I,,0
account,567,2.0,1.0,0.3629,0.0,,,72795.46,US,I,,0
account,568,1.0,1.0,0.278,0.0,,,64145.88,US,I,,0
account,569,2.0,1.0,0.3489,0.0,,,72752.94,US,I,,0
account,570,1.0,1.0,0.3078,0.0,,,80261.69,US,I,,0
account,571,2.0,1.0,0.3738,0.0,,,60244.51,US,I,,0
account,572,0.0,1.0,0.0,0.0,,,99039.40,US,I,,0
account,573,2.0,1.0,0.3335,0.0,,,69156.31,US,I,,0
account,574,2.0,1.0,0.3774,0.0,,,86864.90,US,I,,0
account,575,1.0,1.0,0.3104,0.0,,,72394.50,US,I,,0
account,576,2.0,1.0,0.3604,0.0,,,88999.33,US,I,,0
account,577,2.0,1.0,0.375,0.0,,,50434.68,US,I,fan_out,1
account,578,1.0,1.0,0.3036,0.0,,,86940.04,US,I,,0
account,579,2.0,1.0,0.3608,0.0,,,83666.11,US,I,,0
account,580,1.0,1.0,0.3067,0.0,,,92439.54,US,I,,0
account,581,1.0,1.0,0.3167,0.0,,,92081.21,US,I,,0
account,582,1.0,1.0,0.2794,0.0,,,82837.63,US,I,,0
account,583,1.0,1.0,0.2887,0.0,,,97228.64,US,I,,0
account,584,2.0,1.0,0.3633,0.0,,,79991.15,US,I,,0
account,585,1.0,1.0,0.3024,0.0,,,78288.91,US,I,,0
account,586,1.0,1.0,0.2633,0.0,,,82408.57,US,I,,0
account,587,1.0,1.0,0.3084,0.0,,,52595.49,US,I,,0
account,588,2.0,1.0,0.356,0.0,,,65498.93,US,I,,0
account,589,2.0,1.0,0.3769,0.0,,,56771.77,US,I,,0
account,590,2.0,1.0,0.3578,0.0,,,79591.77,US,I,,0
account,591,2.0,1.0,0.3682,0.0,,,70938.45,US,I,,0
account,592,2.0,1.0,0.3728,0.0,,,79486.33,US,I,,0
account,593,2.0,1.0,0.3768,0.0,,,77629.73,US,I,cycle,1
account,594,0.0,1.0,0.0,0.0,,,71178.72,US,I,,0
account,595,2.0,1.0,0.4307,0.0,,,75930.88,US,I,,0
account,596,2.0,1.0,0.459,0.0,,,99857.73,US,I,,0
account,597,2.0,1.0,0.4403,0.0,,,53669.78,US,I,,0
account,598,2.0,1.0,0.4592,0.0,,,74619.79,US,I,,0
account,599,2.0,1.0,0.4329,0.0,,,86615.79,US,I,,0
account,600,2.0,1.0,0.4521,0.0,,,99316.34,US,I,,0
account,601,2.0,1.0,0.4608,0.0,,,52387.10,US,I,,0
account,602,2.0,1.0,0.4645,0.0,,,79804.97,US,I,,0
account,603,2.0,1.0,0.4688,0.0,,,87187.82,US,I,,0
account,604,2.0,1.0,0.47,0.0,,,54625.09,US,I,,0
account,605,2.0,1.0,0.4606,0.0,,,68791.67,US,I,,0
account,606,2.0,1.0,0.4699,0.0,,,69580.09,US,I,,0
account,607,2.0,1.0,0.4298,0.0,,,72975.39,US,I,,0
account,608,2.0,1.0,0.469,0.0,,,94031.48,US,I,,0
account,609,2.0,1.0,0.4522,0.0,,,71307.30,US,I,,0
account,610,2.0,1.0,0.4577,0.0,,,52085.09,US,I,,0
account,611,2.0,1.0,0.4523,0.0,,,62845.71,US,I,,0
account,612,2.0,1.0,0.4527,0.0,,,69285.16,US,I,,0
account,613,2.0,1.0,0.4554,0.0,,,69646.98,US,I,,0
account,614,2.0,1.0,0.4462,0.0,,,85973.22,US,I,,0
account,615,2.0,1.0,0.4661,0.0,,,84299.01,US,I,,0
account,616,2.0,1.0,0.4449,0.0,,,51775.67,US,I,fan_out,1
account,617,2.0,1.0,0.4494,0.0,,,55180.32,US,I,,0
account,618,2.0,1.0,0.4314,0.0,,,83063.09,US,I,,0
account,619,2.0,1.0,0.4651,0.0,,,71833.41,US,I,,0
account,620,2.0,1.0,0.4658,0.0,,,85630.00,US,I,,0
account,621,2.0,1.0,0.4666,0.0,,,81115.70,US,I,,0
account,622,2.0,1.0,0.4448,0.0,,,93232.94,US,I,,0
account,623,2.0,1.0,0.4691,0.0,,,52308.79,US,I,,0
account,624,2.0,1.0,0.4581,0.0,,,89209.37,US,I,,0
account,625,2.0,1.0,0.461,0.0,,,78228.06,US,I,,0
account,626,2.0,1.0,0.451,0.0,,,80776.39,US,I,cycle,1
account,627,2.0,1.0,0.4667,0.0,,,69694.90,US,I,,0
account,628,2.0,1.0,0.4427,0.0,,,59687.66,US,I,,0
account,629,2.0,1.0,0.4532,0.0,,,57412.80,US,I,,0
account,630,5.0,1.0,0.5535,0.0,,,63623.36,US,I,,0
account,631,4.0,1.0,0.4795,0.0,,,98709.56,US,I,,0
account,632,5.0,1.0,0.5518,0.0,,,52268.58,US,I,,0
account,633,6.0,1.0,0.5814,0.0,,,50192.49,US,I,,0
account,634,5.0,1.0,0.5332,0.0,,,50579.02,US,I,,0
account,635,5.0,1.0,0.5506,0.0,,,66003.45,US,I,,0
account,636,4.0,1.0,0.4844,0.0,,,51514.24,US,I,,0
account,637,6.0,1.0,0.5932,0.0,,,69414.95,US,I,,0
account,638,6.0,1.0,0.5949,0.0,,,71927.79,US,I,,0
account,639,6.0,1.0,0.5958,0.0,,,71839.01,US,I,,0
account,640,5.0,1.0,0.5504,0.0,,,79024.29,US,I,,0
account,641,6.0,1.0,0.5943,0.0,,,97316.91,US,I,,0
account,642,6.0,1.0,0.5942,0.0,,,85171.72,US,I,,0
account,643,6.0,1.0,0.5928,0.0,,,85401.15,US,I,,0
account,644,5.0,1.0,0.5538,0.0,,,57890.48,US,I,fan_out,1
account,645,5.0,1.0,0.5412,0.0,,,63785.05,US,I,,0
account,646,5.0,1.0,0.5465,0.0,,,60628.70,US,I,,0
account,647,6.0,1.0,0.5734,0.0,,,77347.66,US,I,,0
account,648,5.0,1.0,0.546,0.0,,,60129.82,US,I,,0
account,649,5.0,1.0,0.5547,0.0,,,98422.22,US,I,,0
account,650,4.0,1.0,0.5342,0.0,,,55565.22,US,I,,0
account,651,5.0,1.0,0.5534,0.0,,,61594.08,US,I,,0
account,652,6.0,1.0,0.5893,0.0,,,85994.04,US,I,,0
account,653,5.0,1.0,0.5436,0.0,,,81632.61,US,I,,0
account,654,4.0,1.0,0.5528,0.0,,,55195.09,US,I,,0
account,655,6.0,1.0,0.5967,0.0,,,85005.40,US,I,,0
account,656,5.0,1.0,0.5517,0.0,,,52755.68,US,I,,0
account,657,6.0,1.0,0.6004,0.0,,,64737.31,US,I,,0
account,658,4.0,1.0,0.541,0.0,,,91651.59,US,I,,0
account,659,6.0,1.0,0.5918,0.0,,,64109.98,US,I,,0
account,660,6.0,1.0,0.5957,0.0,,,51458.47,US,I,,0
account,661,4.0,1.0,0.5503,0.0,,,78757.64,US,I,,0
account,662,6.0,1.0,0.6058,0.0,,,58541.08,US,I,,0
account,663,4.0,1.0,0.4853,0.0,,,76652.93,US,I,,0
account,664,6.0,1.0,0.5988,0.0,,,78260.46,US,I,,0
account,665,5.0,1.0,0.5464,0.0,,,58564.41,US,I,,0
account,666,0.0,1.0,0.0,0.0,,,97125.12,US,I,fan_in,1
account,667,1.0,1.0,0.2613,0.0,,,66086.49,US,I,,0
account,668,1.0,1.0,0.2565,0.0,,,83712.85,US,I,,0
account,669,0.0,1.0,0.0,0.0,,,92765.69,US,I,,0
account,670,1.0,1.0,0.28,0.0,,,85362.81,US,I,,0
account,671,1.0,1.0,0.2978,0.0,,,85842.37,US,I,,0
account,672,1.0,1.0,0.311,0.0,,,96107.87,US,I,,0
account,673,1.0,1.0,0.2837,0.0,,,75713.63,US,I,,0
account,674,1.0,1.0,0.2785,0.0,,,63907.21,US,I,,0
account,675,1.0,1.0,0.3134,0.0,,,94618.75,US,I,,0
account,676,1.0,1.0,0.3014,0.0,,,50317.80,US,I,,0
account,677,1.0,1.0,0.3127,0.0,,,89165.07,US,I,,0
account,678,1.0,1.0,0.3088,0.0,,,57525.50,US,I,,0
account,679,1.0,1.0,0.3099,0.0,,,51968.92,US,I,,0
account,680,1.0,1.0,0.3162,0.0,,,64684.05,US,I,,0
account,681,1.0,1.0,0.3074,0.0,,,75231.16,US,I,,0
account,682,0.0,1.0,0.0,0.0,,,90130.81,US,I,,0
account,683,1.0,1.0,0.2627,0.0,,,60115.72,US,I,,0
account,684,1.0,1.0,0.3072,0.0,,,70205.92,US,I,,0
account,685,0.0,1.0,0.0,0.0,,,87172.30,US,I,,0
account,686,1.0,1.0,0.2861,0.0,,,88235.32,US,I,,0
account,687,1.0,1.0,0.3158,0.0,,,75209.75,US,I,,0
account,688,1.0,1.0,0.3108,0.0,,,57213.93,US,I,,0
account,689,1.0,1.0,0.3076,0.0,,,78788.93,US,I,,0
account,690,1.0,1.0,0.2978,0.0,,,58476.19,US,I,,0
account,691,1.0,1.0,0.3136,0.0,,,98464.95,US,I,,0
account,692,1.0,1.0,0.2989,0.0,,,69895.11,US,I,,0
account,693,0.0,1.0,0.0,0.0,,,75981.97,US,I,,0
account,694,1.0,1.0,0.3002,0.0,,,80164.02,US,I,,0
account,695,1.0,1.0,0.2858,0.0,,,78623.08,US,I,,0
account,696,1.0,1.0,0.3028,0.0,,,71010.06,US,I,,0
account,697,1.0,1.0,0.3081,0.0,,,81310.93,US,I,,0
account,698,1.0,1.0,0.2625,0.0,,,66022.99,US,I,,0
account,699,1.0,1.0,0.2704,0.0,,,93730.19,US,I,fan_out,1
account,700,1.0,1.0,0.2538,0.0,,,96795.52,US,I,,0
account,701,1.0,1.0,0.3006,0.0,,,53294.83,US,I,,0
account,702,1.0,1.0,0.2673,0.0,,,84886.70,US,I,,0
account,703,4.0,1.0,0.4483,0.0,,,98373.92,US,I,,0
account,704,3.0,1.0,0.4172,0.0,,,52751.41,US,I,,0
account,705,3.0,1.0,0.4188,0.0,,,71011.83,US,I,,0
account,706,3.0,1.0,0.4166,0.0,,,76588.92,US,I,,0
account,707,3.0,1.0,0.3969,0.0,,,87116.69,US,I,,0
account,708,3.0,1.0,0.3847,0.0,,,70282.67,US,I,,0
account,709,3.0,1.0,0.4184,0.0,,,74299.31,US,I,,0
account,710,4.0,1.0,0.4509,0.0,,,85809.04,US,I,,0
account,711,4.0,1.0,0.4457,0.0,,,55193.83,US,I,,0
account,712,3.0,1.0,0.4064,0.0,,,50451.87,US,I,,0
account,713,4.0,1.0,0.4342,0.0,,,72245.04,US,I,,0
account,714,3.0,1.0,0.3968,0.0,,,69816.71,US,I,,0
account,715,4.0,1.0,0.4518,0.0,,,59603.06,US,I,,0
account,716,3.0,1.0,0.4159,0.0,,,73307.26,US,I,,0
account,717,2.0,1.0,0.3622,0.0,,,69049.93,US,I,,0
account,718,1.0,1.0,0.2699,0.0,,,84872.04,US,I,,0
account,719,4.0,1.0,0.4254,0.0,,,92447.23,US,I,,0
account,720,2.0,1.0,0.3713,0.0,,,97086.69,US,I,,0
account,721,2.0,1.0,0.3516,0.0,,,76438.01,US,I,,0
account,722,4.0,1.0,0.4271,0.0,,,69156.48,US,I,fan_out,1
account,723,4.0,1.0,0.4237,0.0,,,83885.79,US,I,,0
account,724,3.0,1.0,0.4192,0.0,,,78772.48,US,I,,0
account,725,2.0,1.0,0.3817,0.0,,,71192.55,US,I,,0
account,726,4.0,1.0,0.4429,0.0,,,98410.33,US,I,,0
account,727,3.0,1.0,0.4077,0.0,,,95368.57,US,I,,0
account,728,4.0,1.0,0.4487,0.0,,,77460.46,US,I,,0
account,729,3.0,1.0,0.4124,0.0,,,55394.44,US,I,,0
account,730,3.0,1.0,0.4035,0.0,,,93144.74,US,I,,0
account,731,4.0,1.0,0.4501,0.0,,,93713.35,US,I,fan_in,1
account,732,3.0,1.0,0.4135,0.0,,,50486.59,US,I,,0
account,733,4.0,1.0,0.4504,0.0,,,69659.15,US,I,,0
account,734,4.0,1.0,0.4483,0.0,,,54547.39,US,I,,0
account,735,2.0,1.0,0.3747,0.0,,,99005.73,US,I,,0
account,736,4.0,1.0,0.4501,0.0,,,51798.37,US,I,,0
account,737,3.0,1.0,0.4003,0.0,,,77596.14,US,I,,0
account,738,1.0,1.0,0.2755,0.0,,,60836.95,US,I,,0
account,739,4.0,1.0,0.4537,0.0,,,90154.24,US,I,,0
account,740,2.0,1.0,0.3642,0.0,,,84520.52,US,I,,0
account,741,4.0,1.0,0.4829,0.0,,,67656.12,US,I,,0
account,742,5.0,1.0,0.5547,0.0,,,72663.97,US,I,,0
account,743,5.0,1.0,0.55,0.0,,,92209.28,US,I,,0
account,744,4.0,1.0,0.4886,0.0,,,69482.77,US,I,,0
account,745,5.0,1.0,0.5465,0.0,,,66747.25,US,I,,0
account,746,4.0,1.0,0.4869,0.0,,,81138.49,US,I,,0
account,747,5.0,1.0,0.5489,0.0,,,86964.36,US,I,,0
account,748,5.0,1.0,0.5457,0.0,,,52882.31,US,I,,0
account,749,4.0,1.0,0.4971,0.0,,,62413.05,US,I,,0
account,750,4.0,1.0,0.4853,0.0,,,87800.94,US,I,,0
account,751,3.0,1.0,0.4606,0.0,,,86133.91,US,I,,0
account,752,4.0,1.0,0.4854,0.0,,,69025.63,US,I,,0
account,753,3.0,1.0,0.4812,0.0,,,73491.52,US,I,,0
account,754,5.0,1.0,0.5584,0.0,,,51718.86,US,I,,0
account,755,5.0,1.0,0.557,0.0,,,55226.62,US,I,,0
account,756,5.0,1.0,0.5423,0.0,,,94206.85,US,I,,0
account,757,4.0,1.0,0.5348,0.0,,,75040.15,US,I,cycle,1
account,758,4.0,1.0,0.4919,0.0,,,51492.52,US,I,,0
account,759,4.0,1.0,0.4964,0.0,,,84677.78,US,I,,0
account,760,5.0,1.0,0.5566,0.0,,,87853.18,US,I,,0
account,761,5.0,1.0,0.5602,0.0,,,56693.88,US,I,,0
account,762,5.0,1.0,0.5526,0.0,,,64161.35,US,I,,0
account,763,4.0,1.0,0.5404,0.0,,,63230.71,US,I,,0
account,764,4.0,1.0,0.4937,0.0,,,67323.14,US,I,,0
account,765,4.0,1.0,0.5471,0.0,,,88758.77,US,I,,0
account,766,5.0,1.0,0.5514,0.0,,,58011.90,US,I,,0
account,767,4.0,1.0,0.5363,0.0,,,72330.76,US,I,,0
account,768,5.0,1.0,0.5629,0.0,,,55493.74,US,I,,0
account,769,3.0,1.0,0.4675,0.0,,,59190.14,US,I,,0
account,770,5.0,1.0,0.5595,0.0,,,54748.24,US,I,,0
account,771,4.0,1.0,0.4992,0.0,,,68454.64,US,I,,0
account,772,4.0,1.0,0.5465,0.0,,,69066.28,US,I,,0
account,773,4.0,1.0,0.5506,0.0,,,80063.49,US,I,,0
account,774,5.0,1.0,0.5473,0.0,,,94867.47,US,I,,0
account,775,3.0,1.0,0.4817,0.0,,,56968.28,US,I,,0
account,776,4.0,1.0,0.4915,0.0,,,84301.34,US,I,,0
account,777,5.0,1.0,0.5549,0.0,,,55261.31,US,I,,0
account,778,4.0,1.0,0.5392,0.0,,,64440.78,US,I,,0
account,779,3.0,1.0,0.476,0.0,,,73816.15,US,I,,0
account,780,1.0,1.0,0.2921,0.0,,,69229.47,US,I,,0
account,781,1.0,1.0,0.2922,0.0,,,62765.89,US,I,,0
account,782,1.0,1.0,0.2922,0.0,,,90328.71,US,I,,0
account,783,1.0,1.0,0.2923,0.0,,,97368.11,US,I,,0
account,784,1.0,1.0,0.2924,0.0,,,68900.33,US,I,,0
account,785,1.0,1.0,0.2924,0.0,,,60061.06,US,I,,0
account,786,1.0,1.0,0.2925,0.0,,,88980.93,US,I,,0
account,787,1.0,1.0,0.2926,0.0,,,61945.25,US,I,,0
account,788,1.0,1.0,0.2926,0.0,,,55276.34,US,I,,0
account,789,1.0,1.0,0.2927,0.0,,,78791.62,US,I,,0
account,790,1.0,1.0,0.2928,0.0,,,60122.14,US,I,,0
account,791,1.0,1.0,0.2929,0.0,,,84302.03,US,I,,0
account,792,1.0,1.0,0.2929,0.0,,,82575.24,US,I,,0
account,793,1.0,1.0,0.293,0.0,,,67048.72,US,I,,0
account,794,1.0,1.0,0.2931,0.0,,,62774.53,US,I,,0
account,795,1.0,1.0,0.2931,0.0,,,81732.80,US,I,,0
account,796,1.0,1.0,0.2932,0.0,,,77498.26,US,I,cycle,1
account,797,1.0,1.0,0.2933,0.0,,,60758.21,US,I,,0
account,798,1.0,1.0,0.2933,0.0,,,70358.59,US,I,,0
account,799,1.0,1.0,0.2934,0.0,,,85566.06,US,I,,0
account,800,1.0,1.0,0.2935,0.0,,,51823.96,US,I,,0
account,801,1.0,1.0,0.2935,0.0,,,70171.38,US,I,,0
account,802,1.0,1.0,0.2936,0.0,,,99261.73,US,I,,0
account,803,1.0,1.0,0.2937,0.0,,,55440.93,US,I,,0
account,804,1.0,1.0,0.2937,0.0,,,97509.62,US,I,,0
account,805,1.0,1.0,0.2938,0.0,,,62319.40,US,I,,0
account,806,1.0,1.0,0.2939,0.0,,,82204.33,US,I,,0
account,807,1.0,1.0,0.2939,0.0,,,83511.71,US,I,,0
account,808,1.0,1.0,0.294,0.0,,,69879.79,US,I,,0
account,809,1.0,1.0,0.2941,0.0,,,93839.36,US,I,,0
account,810,1.0,1.0,0.2941,0.0,,,64165.42,US,I,,0
account,811,1.0,1.0,0.2942,0.0,,,88892.43,US,I,,0
account,812,1.0,1.0,0.2943,0.0,,,77355.36,US,I,,0
account,813,1.0,1.0,0.2943,0.0,,,76142.11,US,I,,0
account,814,1.0,1.0,0.2944,0.0,,,94722.46,US,I,,0
account,815,1.0,1.0,0.2945,0.0,,,81583.47,US,I,,0
account,816,1.0,1.0,0.2945,0.0,,,71417.77,US,I,,0
account,817,1.0,1.0,0.2946,0.0,,,85657.75,US,I,,0
account,818,1.0,1.0,0.2947,0.0,,,61383.83,US,I,,0
account,819,1.0,1.0,0.2947,0.0,,,63677.79,US,I,,0
account,820,2.0,1.0,0.3653,0.0,,,94988.58,US,I,,0
account,821,1.0,1.0,0.2951,0.0,,,85741.31,US,I,,0
account,822,2.0,1.0,0.3656,0.0,,,96848.96,US,I,,0
account,823,2.0,1.0,0.3658,0.0,,,51670.17,US,I,,0
account,824,3.0,1.0,0.413,0.0,,,77132.65,US,I,,0
account,825,3.0,1.0,0.4132,0.0,,,87440.27,US,I,,0
account,826,2.0,1.0,0.3663,0.0,,,67538.24,US,I,,0
account,827,1.0,1.0,0.2961,0.0,,,95274.69,US,I,,0
account,828,3.0,1.0,0.4138,0.0,,,99336.79,US,I,,0
account,829,2.0,1.0,0.3669,0.0,,,54846.99,US,I,,0
account,830,2.0,1.0,0.3671,0.0,,,80031.86,US,I,,0
account,831,2.0,1.0,0.3673,0.0,,,90292.00,US,I,fan_out,1
account,832,3.0,1.0,0.4145,0.0,,,93331.92,US,I,,0
account,833,2.0,1.0,0.3677,0.0,,,63634.34,US,I,,0
account,834,3.0,1.0,0.4149,0.0,,,60420.35,US,I,,0
account,835,2.0,1.0,0.368,0.0,,,75192.50,US,I,,0
account,836,2.0,1.0,0.3682,0.0,,,89518.62,US,I,,0
account,837,2.0,1.0,0.3684,0.0,,,90749.16,US,I,,0
account,838,1.0,1.0,0.2982,0.0,,,92228.50,US,I,,0
account,839,2.0,1.0,0.3688,0.0,,,64370.21,US,I,,0
account,840,3.0,1.0,0.4159,0.0,,,95279.28,US,I,,0
account,841,3.0,1.0,0.4161,0.0,,,86961.48,US,I,,0
account,842,3.0,1.0,0.4163,0.0,,,87914.26,US,I,,0
account,843,2.0,1.0,0.3694,0.0,,,81178.78,US,I,,0
account,844,2.0,1.0,0.3696,0.0,,,79414.18,US,I,,0
account,845,3.0,1.0,0.4168,0.0,,,59616.52,US,I,,0
account,846,3.0,1.0,0.417,0.0,,,79133.84,US,I,,0
account,847,3.0,1.0,0.4171,0.0,,,79799.09,US,I,,0
account,848,1.0,1.0,0.3,0.0,,,82560.31,US,I,,0
account,849,2.0,1.0,0.3705,0.0,,,53552.93,US,I,,0
account,850,3.0,1.0,0.4176,0.0,,,93389.80,US,I,,0
account,851,2.0,1.0,0.3708,0.0,,,69726.40,US,I,,0
account,852,2.0,1.0,0.3709,0.0,,,83440.81,US,I,,0
account,853,3.0,1.0,0.4181,0.0,,,95556.61,US,I,,0
account,854,1.0,1.0,0.3008,0.0,,,74221.81,US,I,,0
account,855,3.0,1.0,0.4184,0.0,,,79228.14,US,I,,0
account,856,3.0,1.0,0.4186,0.0,,,94088.85,US,I,,0
account,857,2.0,1.0,0.3718,0.0,,,51259.18,US,I,,0
account,858,2.0,1.0,0.3719,0.0,,,71111.74,US,I,,0
account,859,2.0,1.0,0.372,0.0,,,59116.59,US,I,,0
account,860,2.0,1.0,0.3722,0.0,,,69994.72,US,I,,0
account,861,3.0,1.0,0.4193,0.0,,,72123.38,US,I,,0
account,862,2.0,1.0,0.4765,0.0,,,76526.73,US,I,,0
account,863,2.0,1.0,0.473,0.0,,,89755.39,US,I,,0
account,864,2.0,1.0,0.4785,0.0,,,69412.92,US,I,,0
account,865,2.0,1.0,0.4656,0.0,,,88293.32,US,I,,0
account,866,2.0,1.0,0.4747,0.0,,,50669.15,US,I,,0
account,867,2.0,1.0,0.4549,0.0,,,87264.85,US,I,fan_in,1
account,868,2.0,1.0,0.475,0.0,,,72497.39,US,I,,0
account,869,2.0,1.0,0.4707,0.0,,,88451.84,US,I,,0
account,870,2.0,1.0,0.4779,0.0,,,97975.91,US,I,,0
account,871,2.0,1.0,0.4636,0.0,,,64030.07,US,I,,0
account,872,2.0,1.0,0.4609,0.0,,,65915.56,US,I,,0
account,873,2.0,1.0,0.4634,0.0,,,82060.84,US,I,,0
account,874,2.0,1.0,0.4561,0.0,,,56124.36,US,I,,0
account,875,2.0,1.0,0.4635,0.0,,,89266.80,US,I,,0
account,876,2.0,1.0,0.4804,0.0,,,93104.26,US,I,,0
account,877,2.0,1.0,0.4563,0.0,,,94767.66,US,I,,0
account,878,2.0,1.0,0.4777,0.0,,,63365.01,US,I,,0
account,879,2.0,1.0,0.476,0.0,,,95205.65,US,I,,0
account,880,2.0,1.0,0.4757,0.0,,,94099.41,US,I,,0
account,881,2.0,1.0,0.4692,0.0,,,53020.28,US,I,,0
account,882,2.0,1.0,0.4756,0.0,,,67809.78,US,I,,0
account,883,2.0,1.0,0.4636,0.0,,,74642.38,US,I,,0
account,884,2.0,1.0,0.4645,0.0,,,75494.48,US,I,,0
account,885,2.0,1.0,0.473,0.0,,,82918.50,US,I,,0
account,886,2.0,1.0,0.4668,0.0,,,73980.51,US,I,,0
account,887,2.0,1.0,0.4789,0.0,,,57399.27,US,I,,0
account,888,2.0,1.0,0.4643,0.0,,,62682.76,US,I,,0
account,889,2.0,1.0,0.4656,0.0,,,79973.10,US,I,,0
account,890,2.0,1.0,0.4661,0.0,,,59161.68,US,I,,0
account,891,2.0,1.0,0.4758,0.0,,,51613.89,US,I,,0
account,892,2.0,1.0,0.4705,0.0,,,71615.45,US,I,,0
account,893,2.0,1.0,0.472,0.0,,,63757.07,US,I,,0
account,894,2.0,1.0,0.4805,0.0,,,67071.92,US,I,fan_in,1
account,895,2.0,1.0,0.4601,0.0,,,98278.22,US,I,,0
account,896,2.0,1.0,0.4732,0.0,,,53759.05,US,I,,0
account,897,2.0,1.0,0.4803,0.0,,,96726.95,US,I,,0
account,898,2.0,1.0,0.4748,0.0,,,74630.54,US,I,,0
account,899,2.0,1.0,0.4767,0.0,,,65019.70,US,I,,0
account,900,2.0,1.0,0.4772,0.0,,,72667.66,US,I,fan_in,1
account,901,2.0,1.0,0.4639,0.0,,,77112.37,US,I,,0
account,902,2.0,1.0,0.4704,0.0,,,59884.84,US,I,,0
account,903,2.0,1.0,0.4801,0.0,,,88522.08,US,I,,0
account,904,2.0,1.0,0.4753,0.0,,,94797.98,US,I,,0
account,905,2.0,1.0,0.475,0.0,,,96362.22,US,I,,0
account,906,2.0,1.0,0.4731,0.0,,,75133.74,US,I,,0
account,907,2.0,1.0,0.4578,0.0,,,60549.49,US,I,,0
account,908,2.0,1.0,0.4605,0.0,,,66454.84,US,I,,0
account,909,2.0,1.0,0.4677,0.0,,,60911.48,US,I,,0
account,910,2.0,1.0,0.4749,0.0,,,81409.12,US,I,,0
account,911,2.0,1.0,0.4759,0.0,,,97899.08,US,I,,0
account,912,2.0,1.0,0.4585,0.0,,,94898.09,US,I,cycle,1
account,913,2.0,1.0,0.4694,0.0,,,98298.60,US,I,,0
account,914,2.0,1.0,0.4595,0.0,,,54958.33,US,I,,0
account,915,2.0,1.0,0.471,0.0,,,77353.66,US,I,,0
account,916,2.0,1.0,0.4591,0.0,,,51064.98,US,I,,0
account,917,2.0,1.0,0.4812,0.0,,,63243.32,US,I,,0
account,918,2.0,1.0,0.4648,0.0,,,74100.85,US,I,,0
account,919,2.0,1.0,0.459,0.0,,,72045.85,US,I,,0
account,920,2.0,1.0,0.4641,0.0,,,79256.91,US,I,,0
account,921,2.0,1.0,0.4709,0.0,,,98824.74,US,I,,0
account,922,2.0,1.0,0.4634,0.0,,,71676.00,US,I,,0
account,923,2.0,1.0,0.4703,0.0,,,90487.10,US,I,,0
account,924,2.0,1.0,0.4711,0.0,,,62410.98,US,I,,0
account,925,2.0,1.0,0.463,0.0,,,62007.73,US,I,,0
account,926,2.0,1.0,0.4798,0.0,,,63767.48,US,I,,0
account,927,2.0,1.0,0.4592,0.0,,,72662.58,US,I,,0
account,928,2.0,1.0,0.4584,0.0,,,64595.29,US,I,,0
account,929,2.0,1.0,0.4796,0.0,,,87249.85,US,I,,0
account,930,2.0,1.0,0.4775,0.0,,,69552.35,US,I,,0
account,931,2.0,1.0,0.462,0.0,,,57143.15,US,I,,0
account,932,2.0,1.0,0.4705,0.0,,,72311.77,US,I,,0
account,933,2.0,1.0,0.4792,0.0,,,72915.03,US,I,,0
account,934,2.0,1.0,0.4667,0.0,,,75431.83,US,I,,0
account,935,2.0,1.0,0.473,0.0,,,54027.42,US,I,,0
account,936,2.0,1.0,0.4733,0.0,,,92624.62,US,I,,0
account,937,2.0,1.0,0.4574,0.0,,,78439.86,US,I,,0
account,938,2.0,1.0,0.4717,0.0,,,65745.62,US,I,,0
account,939,2.0,1.0,0.4687,0.0,,,74372.89,US,I,,0
account,940,2.0,1.0,0.4809,0.0,,,99328.85,US,I,,0
account,941,2.0,1.0,0.46,0.0,,,91180.80,US,I,,0
account,942,2.0,1.0,0.4803,0.0,,,76945.55,US,I,,0
account,943,2.0,1.0,0.4785,0.0,,,62916.51,US,I,,0
account,944,2.0,1.0,0.4595,0.0,,,75737.23,US,I,,0
account,945,2.0,1.0,0.4695,0.0,,,65666.22,US,I,cycle,1
account,946,2.0,1.0,0.4583,0.0,,,73573.44,US,I,,0
account,947,2.0,1.0,0.4733,0.0,,,61673.51,US,I,,0
account,948,2.0,1.0,0.4623,0.0,,,78496.51,US,I,,0
account,949,2.0,1.0,0.4765,0.0,,,81392.01,US,I,,0
account,950,2.0,1.0,0.4727,0.0,,,86561.27,US,I,,0
account,951,6.0,1.0,0.5665,0.0,,,61292.27,US,I,,0
account,952,5.0,1.0,0.5527,0.0,,,96784.92,US,I,,0
account,953,5.0,1.0,0.5572,0.0,,,86938.14,US,I,,0
account,954,5.0,1.0,0.55,0.0,,,92750.67,US,I,,0
account,955,6.0,1.0,0.5763,0.0,,,94607.54,US,I,,0
account,956,6.0,1.0,0.5712,0.0,,,73930.64,US,I,fan_out,1
account,957,4.0,1.0,0.5606,0.0,,,77295.61,US,I,,0
account,958,5.0,1.0,0.5666,0.0,,,66307.90,US,I,,0
account,959,3.0,1.0,0.4964,0.0,,,77198.82,US,I,,0
account,960,3.0,1.0,0.4913,0.0,,,85110.76,US,I,,0
account,961,5.0,1.0,0.5177,0.0,,,50068.28,US,I,,0
account,962,4.0,1.0,0.4941,0.0,,,59798.44,US,I,,0
account,963,4.0,1.0,0.5529,0.0,,,77525.09,US,I,,0
account,964,6.0,1.0,0.5726,0.0,,,88095.71,US,I,,0
account,965,5.0,1.0,0.5687,0.0,,,77911.73,US,I,,0
account,966,5.0,1.0,0.5651,0.0,,,83306.66,US,I,,0
account,967,6.0,1.0,0.5733,0.0,,,64042.87,US,I,,0
account,968,5.0,1.0,0.5524,0.0,,,89115.07,US,I,,0
account,969,6.0,1.0,0.5624,0.0,,,85449.86,US,I,,0
account,970,3.0,1.0,0.4889,0.0,,,93828.83,US,I,,0
account,971,4.0,1.0,0.5502,0.0,,,98289.97,US,I,,0
account,972,6.0,1.0,0.558,0.0,,,73479.82,US,I,fan_in,1
account,973,6.0,1.0,0.5657,0.0,,,93027.34,US,I,,0
account,974,5.0,1.0,0.5694,0.0,,,53346.90,US,I,,0
account,975,4.0,1.0,0.5538,0.0,,,88880.48,US,I,,0
account,976,6.0,1.0,0.5778,0.0,,,80845.82,US,I,,0
account,977,5.0,1.0,0.562,0.0,,,73678.43,US,I,,0
account,978,6.0,1.0,0.6052,0.0,,,79210.95,US,I,cycle,1
account,979,5.0,1.0,0.5617,0.0,,,90078.57,US,I,,0
account,980,5.0,1.0,0.5581,0.0,,,66680.35,US,I,,0
account,981,5.0,1.0,0.5673,0.0,,,97678.88,US,I,,0
account,982,5.0,1.0,0.5693,0.0,,,79229.08,US,I,,0
account,983,6.0,1.0,0.5708,0.0,,,67027.02,US,I,,0
account,984,4.0,1.0,0.5612,0.0,,,81671.29,US,I,,0
account,985,5.0,1.0,0.5283,0.0,,,63516.25,US,I,,0
account,986,5.0,1.0,0.5092,0.0,,,68405.80,US,I,,0
account,987,5.0,1.0,0.5188,0.0,,,85516.62,US,I,,0
account,988,4.0,1.0,0.488,0.0,,,94785.98,US,I,,0
account,989,6.0,1.0,0.5792,0.0,,,50330.86,US,I,,0
account,990,6.0,1.0,0.5679,0.0,,,74207.30,US,I,,0
account,991,5.0,1.0,0.5651,0.0,,,62515.62,US,I,,0
account,992,4.0,1.0,0.5553,0.0,,,90074.90,US,I,,0
account,993,6.0,1.0,0.5735,0.0,,,80418.45,US,I,,0
account,994,6.0,1.0,0.5698,0.0,,,90504.44,US,I,,0
account,995,6.0,1.0,0.579,0.0,,,80932.87,US,I,,0
account,996,6.0,1.0,0.5742,0.0,,,68596.54,US,I,,0
account,997,4.0,1.0,0.5529,0.0,,,52558.95,US,I,,0
account,998,3.0,1.0,0.4948,0.0,,,53954.58,US,I,,0
account,999,4.0,1.0,0.55,0.0,,,98859.71,US,I,,0
account,1000,4.0,1.0,0.5603,0.0,,,50456.61,US,I,,0
account,1001,3.0,1.0,0.4953,0.0,,,61442.83,US,I,,0
account,1002,4.0,1.0,0.5609,0.0,,,95229.56,US,I,,0
account,1003,3.0,1.0,0.4804,0.0,,,65251.80,US,I,,0
account,1004,3.0,1.0,0.4876,0.0,,,70659.46,US,I,,0
account,1005,3.0,1.0,0.495,0.0,,,70007.20,US,I,,0
account,1006,3.0,1.0,0.4927,0.0,,,65738.27,US,I,,0
account,1007,5.0,1.0,0.5651,0.0,,,70561.83,US,I,fan_out,1
account,1008,3.0,1.0,0.4879,0.0,,,79852.93,US,I,,0
account,1009,3.0,1.0,0.4915,0.0,,,56979.17,US,I,,0
account,1010,2.0,1.0,0.4821,0.0,,,97629.28,US,I,,0
account,1011,4.0,1.0,0.5561,0.0,,,52402.01,US,I,,0
account,1012,3.0,1.0,0.4782,0.0,,,56809.61,US,I,,0
account,1013,4.0,1.0,0.5605,0.0,,,98156.20,US,I,,0
account,1014,4.0,1.0,0.5573,0.0,,,91623.13,US,I,,0
account,1015,3.0,1.0,0.4792,0.0,,,54886.20,US,I,,0
account,1016,4.0,1.0,0.5605,0.0,,,91627.58,US,I,,0
account,1017,3.0,1.0,0.4812,0.0,,,75063.66,US,I,,0
account,1018,2.0,1.0,0.4781,0.0,,,75039.85,US,I,,0
account,1019,4.0,1.0,0.56,0.0,,,59802.11,US,I,,0
account,1020,4.0,1.0,0.5564,0.0,,,56163.84,US,I,,0
account,1021,3.0,1.0,0.488,0.0,,,62042.61,US,I,,0
account,1022,3.0,1.0,0.4805,0.0,,,99825.03,US,I,,0
account,1023,2.0,1.0,0.4666,0.0,,,76532.69,US,I,,0
account,1024,4.0,1.0,0.5584,0.0,,,96577.40,US,I,,0
account,1025,3.0,1.0,0.4783,0.0,,,70899.07,US,I,,0
account,1026,4.0,1.0,0.5518,0.0,,,56868.87,US,I,,0
account,1027,3.0,1.0,0.4952,0.0,,,94718.06,US,I,,0
account,1028,4.0,1.0,0.5523,0.0,,,64096.13,US,I,,0
account,1029,3.0,1.0,0.4908,0.0,,,63476.02,US,I,,0
account,1030,4.0,1.0,0.5552,0.0,,,74372.58,US,I,,0
account,1031,5.0,1.0,0.5593,0.0,,,55353.28,US,I,fan_in,1
account,1032,4.0,1.0,0.56,0.0,,,67587.18,US,I,,0
account,1033,3.0,1.0,0.4878,0.0,,,91716.20,US,I,,0
account,1034,3.0,1.0,0.4916,0.0,,,57908.75,US,I,,0
account,1035,4.0,1.0,0.5618,0.0,,,71284.12,US,I,,0
account,1036,4.0,1.0,0.5591,0.0,,,58379.57,US,I,,0
account,1037,4.0,1.0,0.5485,0.0,,,86658.74,US,I,,0
account,1038,3.0,1.0,0.4865,0.0,,,66575.70,US,I,,0
account,1039,4.0,1.0,0.5617,0.0,,,53639.43,US,I,,0
account,1040,3.0,1.0,0.49,0.0,,,91401.89,US,I,,0
account,1041,4.0,1.0,0.5617,0.0,,,65632.49,US,I,,0
account,1042,3.0,1.0,0.4898,0.0,,,65399.00,US,I,,0
account,1043,3.0,1.0,0.4915,0.0,,,56792.46,US,I,,0
account,1044,4.0,1.0,0.558,0.0,,,93733.94,US,I,,0
account,1045,3.0,1.0,0.4978,0.0,,,62831.17,US,I,,0
account,1046,4.0,1.0,0.5642,0.0,,,69097.64,US,I,,0
account,1047,1.0,1.0,0.2954,0.0,,,54155.77,US,I,,0
account,1048,1.0,1.0,0.2769,0.0,,,51255.76,US,I,,0
account,1049,1.0,1.0,0.2669,0.0,,,74327.52,US,I,,0
account,1050,1.0,1.0,0.2604,0.0,,,56160.39,US,I,,0
account,1051,1.0,1.0,0.3102,0.0,,,50794.07,US,I,,0
account,1052,1.0,1.0,0.2861,0.0,,,97620.34,US,I,,0
account,1053,1.0,1.0,0.2887,0.0,,,80786.33,US,I,,0
account,1054,1.0,1.0,0.2926,0.0,,,78870.01,US,I,,0
account,1055,1.0,1.0,0.3026,0.0,,,53467.31,US,I,fan_out,1
account,1056,1.0,1.0,0.3065,0.0,,,62994.81,US,I,,0
account,1057,1.0,1.0,0.2953,0.0,,,56396.11,US,I,,0
account,1058,1.0,1.0,0.3013,0.0,,,92058.89,US,I,,0
account,1059,0.0,1.0,0.0,0.0,,,88119.51,US,I,fan_out,1
account,1060,1.0,1.0,0.3149,0.0,,,87325.34,US,I,,0
account,1061,0.0,1.0,0.0,0.0,,,70626.16,US,I,,0
account,1062,0.0,1.0,0.0,0.0,,,90490.35,US,I,,0
account,1063,0.0,1.0,0.0,0.0,,,93538.11,US,I,,0
account,1064,1.0,1.0,0.2479,0.0,,,96161.03,US,I,,0
account,1065,1.0,1.0,0.3118,0.0,,,94120.84,US,I,,0
account,1066,1.0,1.0,0.3117,0.0,,,82122.92,US,I,,0
account,1067,1.0,1.0,0.3012,0.0,,,65896.94,US,I,,0
account,1068,0.0,1.0,0.0,0.0,,,86188.40,US,I,,0
account,1069,1.0,1.0,0.2768,0.0,,,74003.60,US,I,,0
account,1070,1.0,1.0,0.2757,0.0,,,63965.10,US,I,,0
account,1071,1.0,1.0,0.2998,0.0,,,54154.62,US,I,,0
account,1072,0.0,1.0,0.0,0.0,,,94510.27,US,I,,0
account,1073,1.0,1.0,0.3043,0.0,,,58132.83,US,I,,0
account,1074,1.0,1.0,0.3057,0.0,,,84511.89,US,I,,0
account,1075,0.0,1.0,0.0,0.0,,,52335.07,US,I,,0
account,1076,1.0,1.0,0.2645,0.0,,,86169.27,US,I,,0
account,1077,1.0,1.0,0.3099,0.0,,,94542.80,US,I,,0
account,1078,1.0,1.0,0.2937,0.0,,,97142.20,US,I,,0
account,1079,1.0,1.0,0.2935,0.0,,,55204.97,US,I,,0
account,1080,1.0,1.0,0.2973,0.0,,,75254.78,US,I,,0
account,1081,0.0,1.0,0.0,0.0,,,87711.60,US,I,,0
account,1082,0.0,1.0,0.0,0.0,,,65480.19,US,I,,0
account,1083,1.0,1.0,0.2645,0.0,,,93000.81,US,I,,0
account,1084,1.0,1.0,0.2766,0.0,,,68400.12,US,I,,0
account,1085,1.0,1.0,0.3146,0.0,,,66666.13,US,I,,0
account,1086,1.0,1.0,0.3074,0.0,,,59509.98,US,I,,0
account,1087,1.0,1.0,0.2875,0.0,,,61867.56,US,I,,0
account,1088,1.0,1.0,0.2651,0.0,,,82164.87,US,I,,0
account,1089,0.0,1.0,0.0,0.0,,,83269.15,US,I,,0
account,1090,1.0,1.0,0.2469,0.0,,,76783.70,US,I,,0
account,1091,1.0,1.0,0.3121,0.0,,,81693.27,US,I,,0
account,1092,1.0,1.0,0.2427,0.0,,,81614.93,US,I,,0
account,1093,1.0,1.0,0.2944,0.0,,,92397.49,US,I,,0
account,1094,1.0,1.0,0.2939,0.0,,,82320.11,US,I,,0
account,1095,1.0,1.0,0.2389,0.0,,,97523.02,US,I,,0
account,1096,0.0,1.0,0.0,0.0,,,95621.06,US,I,,0
account,1097,0.0,1.0,0.0,0.0,,,73896.50,US,I,,0
account,1098,1.0,1.0,0.3034,0.0,,,96914.93,US,I,,0
account,1099,1.0,1.0,0.3144,0.0,,,84665.86,US,I,,0
account,1100,1.0,1.0,0.3144,0.0,,,83753.71,US,I,,0
account,1101,1.0,1.0,0.3145,0.0,,,82015.87,US,I,,0
account,1102,1.0,1.0,0.3145,0.0,,,67991.74,US,I,,0
account,1103,1.0,1.0,0.3145,0.0,,,88452.46,US,I,,0
account,1104,1.0,1.0,0.3146,0.0,,,64699.03,US,I,,0
account,1105,1.0,1.0,0.3146,0.0,,,70204.01,US,I,,0
account,1106,1.0,1.0,0.3147,0.0,,,98128.03,US,I,,0
account,1107,1.0,1.0,0.3147,0.0,,,54897.74,US,I,,0
account,1108,1.0,1.0,0.3147,0.0,,,50008.70,US,I,,0
account,1109,1.0,1.0,0.3148,0.0,,,66708.18,US,I,,0
account,1110,1.0,1.0,0.3148,0.0,,,87022.23,US,I,,0
account,1111,1.0,1.0,0.3148,0.0,,,94164.13,US,I,,0
account,1112,1.0,1.0,0.3149,0.0,,,77759.39,US,I,,0
account,1113,1.0,1.0,0.3149,0.0,,,97584.25,US,I,,0
account,1114,1.0,1.0,0.3149,0.0,,,93648.12,US,I,,0
account,1115,1.0,1.0,0.315,0.0,,,74479.20,US,I,,0
account,1116,1.0,1.0,0.315,0.0,,,55719.38,US,I,,0
account,1117,1.0,1.0,0.3151,0.0,,,64338.24,US,I,,0
account,1118,1.0,1.0,0.3151,0.0,,,79436.11,US,I,,0
account,1119,1.0,1.0,0.3151,0.0,,,64254.77,US,I,,0
account,1120,1.0,1.0,0.3152,0.0,,,75574.20,US,I,,0
account,1121,1.0,1.0,0.3152,0.0,,,50859.57,US,I,,0
account,1122,1.0,1.0,0.3152,0.0,,,59537.84,US,I,,0
account,1123,1.0,1.0,0.3153,0.0,,,57929.92,US,I,,0
account,1124,1.0,1.0,0.3153,0.0,,,90984.67,US,I,,0
account,1125,1.0,1.0,0.3153,0.0,,,90805.32,US,I,,0
account,1126,1.0,1.0,0.3154,0.0,,,66558.14,US,I,,0
account,1127,1.0,1.0,0.3154,0.0,,,54121.89,US,I,,0
account,1128,1.0,1.0,0.3155,0.0,,,73657.67,US,I,,0
account,1129,1.0,1.0,0.3155,0.0,,,86638.67,US,I,,0
account,1130,1.0,1.0,0.3155,0.0,,,85074.48,US,I,,0
account,1131,1.0,1.0,0.3156,0.0,,,94179.12,US,I,fan_in,1
account,1132,1.0,1.0,0.3156,0.0,,,93536.53,US,I,,0
account,1133,1.0,1.0,0.3156,0.0,,,85243.97,US,I,,0
account,1134,1.0,1.0,0.3157,0.0,,,94872.37,US,I,,0
account,1135,1.0,1.0,0.3157,0.0,,,58798.87,US,I,,0
account,1136,1.0,1.0,0.3157,0.0,,,78769.76,US,I,,0
account,1137,1.0,1.0,0.3158,0.0,,,60200.15,US,I,,0
account,1138,1.0,1.0,0.3158,0.0,,,62018.65,US,I,,0
account,1139,1.0,1.0,0.3158,0.0,,,57771.98,US,I,,0
account,1140,1.0,1.0,0.3159,0.0,,,85342.88,US,I,cycle,1
account,1141,1.0,1.0,0.3159,0.0,,,97121.78,US,I,,0
account,1142,1.0,1.0,0.316,0.0,,,92285.58,US,I,,0
account,1143,1.0,1.0,0.316,0.0,,,97749.04,US,I,,0
account,1144,1.0,1.0,0.316,0.0,,,92266.39,US,I,,0
account,1145,1.0,1.0,0.3161,0.0,,,84354.67,US,I,,0
account,1146,1.0,1.0,0.3161,0.0,,,93789.93,US,I,,0
account,1147,1.0,1.0,0.3161,0.0,,,73406.37,US,I,,0
account,1148,1.0,1.0,0.3162,0.0,,,87724.52,US,I,,0
account,1149,1.0,1.0,0.3162,0.0,,,75820.34,US,I,,0
account,1150,1.0,1.0,0.3162,0.0,,,80311.92,US,I,,0
account,1151,1.0,1.0,0.3163,0.0,,,86489.52,US,I,,0
account,1152,3.0,1.0,0.498,0.0,,,85286.98,US,I,,0
account,1153,3.0,1.0,0.4963,0.0,,,94436.30,US,I,,0
account,1154,2.0,1.0,0.471,0.0,,,68845.01,US,I,,0
account,1155,2.0,1.0,0.4705,0.0,,,83087.99,US,I,,0
account,1156,2.0,1.0,0.4865,0.0,,,77904.20,US,I,,0
account,1157,3.0,1.0,0.4927,0.0,,,76773.30,US,I,,0
account,1158,3.0,1.0,0.4921,0.0,,,76726.76,US,I,,0
account,1159,3.0,1.0,0.4954,0.0,,,72788.94,US,I,,0
account,1160,3.0,1.0,0.4954,0.0,,,85961.41,US,I,,0
account,1161,3.0,1.0,0.4865,0.0,,,95574.08,US,I,,0
account,1162,3.0,1.0,0.4289,0.0,,,94135.67,US,I,,0
account,1163,3.0,1.0,0.4561,0.0,,,93709.32,US,I,,0
account,1164,3.0,1.0,0.4268,0.0,,,98233.35,US,I,,0
account,1165,3.0,1.0,0.4413,0.0,,,56905.62,US,I,,0
account,1166,3.0,1.0,0.4632,0.0,,,78096.52,US,I,,0
account,1167,4.0,1.0,0.5277,0.0,,,94353.36,US,I,cycle,1
account,1168,3.0,1.0,0.4612,0.0,,,63640.38,US,I,,0
account,1169,3.0,1.0,0.4569,0.0,,,88543.03,US,I,,0
account,1170,3.0,1.0,0.4627,0.0,,,66031.14,US,I,,0
account,1171,3.0,1.0,0.4628,0.0,,,67584.17,US,I,,0
account,1172,3.0,1.0,0.4636,0.0,,,62741.10,US,I,,0
account,1173,3.0,1.0,0.4694,0.0,,,89443.51,US,I,,0
account,1174,3.0,1.0,0.4475,0.0,,,53097.08,US,I,,0
account,1175,3.0,1.0,0.451,0.0,,,56125.03,US,I,,0
account,1176,3.0,1.0,0.4425,0.0,,,54506.58,US,I,,0
account,1177,3.0,1.0,0.4292,0.0,,,94157.30,US,I,,0
account,1178,2.0,1.0,0.4596,0.0,,,79914.52,US,I,,0
account,1179,2.0,1.0,0.4178,0.0,,,79735.24,US,I,,0
account,1180,2.0,1.0,0.4208,0.0,,,92030.56,US,I,,0
account,1181,3.0,1.0,0.4305,0.0,,,68498.24,US,I,,0
account,1182,2.0,1.0,0.4525,0.0,,,86089.97,US,I,,0
account,1183,3.0,1.0,0.4579,0.0,,,97587.86,US,I,,0
account,1184,3.0,1.0,0.4696,0.0,,,89291.45,US,I,,0
account,1185,3.0,1.0,0.4524,0.0,,,91281.95,US,I,,0
account,1186,2.0,1.0,0.4434,0.0,,,53943.56,US,I,,0
account,1187,3.0,1.0,0.4703,0.0,,,68477.05,US,I,fan_out,1
account,1188,2.0,1.0,0.4277,0.0,,,81172.37,US,I,,0
account,1189,3.0,1.0,0.4501,0.0,,,72770.28,US,I,,0
account,1190,3.0,1.0,0.4685,0.0,,,89347.21,US,I,,0
account,1191,3.0,1.0,0.4511,0.0,,,60382.58,US,I,,0
account,1192,3.0,1.0,0.4603,0.0,,,50415.19,US,I,,0
account,1193,3.0,1.0,0.4704,0.0,,,77085.55,US,I,,0
account,1194,3.0,1.0,0.4484,0.0,,,79150.02,US,I,,0
account,1195,2.0,1.0,0.4536,0.0,,,51548.56,US,I,,0
account,1196,3.0,1.0,0.4457,0.0,,,78951.40,US,I,,0
account,1197,3.0,1.0,0.4422,0.0,,,59614.24,US,I,,0
account,1198,3.0,1.0,0.4566,0.0,,,64867.77,US,I,,0
account,1199,3.0,1.0,0.437,0.0,,,64835.12,US,I,,0
account,1200,3.0,1.0,0.4394,0.0,,,75598.46,US,I,,0
account,1201,3.0,1.0,0.4682,0.0,,,60130.12,US,I,,0
account,1202,3.0,1.0,0.4427,0.0,,,83489.83,US,I,,0
account,1203,3.0,1.0,0.4483,0.0,,,84953.26,US,I,,0
account,1204,3.0,1.0,0.4742,0.0,,,91341.42,US,I,,0
account,1205,3.0,1.0,0.4533,0.0,,,89090.49,US,I,,0
account,1206,2.0,1.0,0.3822,0.0,,,61021.31,US,I,,0
account,1207,1.0,1.0,0.2947,0.0,,,52336.69,US,I,,0
account,1208,0.0,1.0,0.0,0.0,,,97236.29,US,I,,0
account,1209,1.0,1.0,0.273,0.0,,,88346.30,US,I,,0
account,1210,1.0,1.0,0.2964,0.0,,,76971.34,US,I,,0
account,1211,2.0,1.0,0.3569,0.0,,,58909.76,US,I,,0
account,1212,1.0,1.0,0.2992,0.0,,,60748.79,US,I,,0
account,1213,1.0,1.0,0.2948,0.0,,,66772.57,US,I,,0
account,1214,1.0,1.0,0.3041,0.0,,,91169.20,US,I,,0
account,1215,2.0,1.0,0.3673,0.0,,,88845.58,US,I,,0
account,1216,2.0,1.0,0.3838,0.0,,,53167.20,US,I,,0
account,1217,2.0,1.0,0.3542,0.0,,,80277.07,US,I,,0
account,1218,2.0,1.0,0.3648,0.0,,,79167.83,US,I,,0
account,1219,1.0,1.0,0.3027,0.0,,,99285.36,US,I,,0
account,1220,1.0,1.0,0.2479,0.0,,,87349.97,US,I,,0
account,1221,2.0,1.0,0.3808,0.0,,,89300.58,US,I,,0
account,1222,2.0,1.0,0.3715,0.0,,,99504.91,US,I,,0
account,1223,0.0,1.0,0.0,0.0,,,66474.63,US,I,,0
account,1224,1.0,1.0,0.3111,0.0,,,83825.73,US,I,,0
account,1225,2.0,1.0,0.3738,0.0,,,50313.88,US,I,,0
account,1226,1.0,1.0,0.2965,0.0,,,98415.61,US,I,,0
account,1227,0.0,1.0,0.0,0.0,,,73185.30,US,I,,0
account,1228,2.0,1.0,0.3541,0.0,,,73497.51,US,I,cycle,1
account,1229,1.0,1.0,0.2935,0.0,,,64347.20,US,I,,0
account,1230,2.0,1.0,0.3724,0.0,,,84327.42,US,I,,0
account,1231,2.0,1.0,0.3692,0.0,,,63219.94,US,I,,0
account,1232,2.0,1.0,0.3586,0.0,,,66158.79,US,I,,0
account,1233,2.0,1.0,0.376,0.0,,,90368.25,US,I,,0
account,1234,1.0,1.0,0.3114,0.0,,,71518.97,US,I,,0
account,1235,1.0,1.0,0.3096,0.0,,,53336.05,US,I,,0
account,1236,2.0,1.0,0.3598,0.0,,,62794.15,US,I,,0
account,1237,1.0,1.0,0.3031,0.0,,,90873.56,US,I,,0
account,1238,2.0,1.0,0.4678,0.0,,,61425.25,US,I,fan_in,1
account,1239,2.0,1.0,0.3544,0.0,,,54139.51,US,I,,0
account,1240,2.0,1.0,0.3459,0.0,,,85721.93,US,I,,0
account,1241,2.0,1.0,0.3737,0.0,,,57456.72,US,I,,0
account,1242,1.0,1.0,0.2717,0.0,,,57922.69,US,I,,0
account,1243,2.0,1.0,0.3519,0.0,,,81925.58,US,I,,0
account,1244,2.0,1.0,0.3596,0.0,,,78312.73,US,I,,0
account,1245,1.0,1.0,0.2646,0.0,,,83600.38,US,I,,0
account,1246,2.0,1.0,0.3467,0.0,,,98895.23,US,I,,0
account,1247,1.0,1.0,0.2872,0.0,,,81492.67,US,I,,0
account,1248,2.0,1.0,0.3699,0.0,,,52473.06,US,I,,0
account,1249,1.0,1.0,0.3067,0.0,,,98796.26,US,I,,0
account,1250,2.0,1.0,0.3538,0.0,,,67430.38,US,I,,0
account,1251,2.0,1.0,0.3706,0.0,,,66497.36,US,I,,0
account,1252,1.0,1.0,0.2582,0.0,,,81025.86,US,I,,0
account,1253,1.0,1.0,0.2935,0.0,,,82180.48,US,I,,0
account,1254,1.0,1.0,0.2466,0.0,,,71330.35,US,I,,0
account,1255,1.0,1.0,0.3001,0.0,,,57961.51,US,I,,0
account,1256,1.0,1.0,0.3107,0.0,,,60052.58,US,I,,0
account,1257,1.0,1.0,0.288,0.0,,,73517.67,US,I,,0
account,1258,1.0,1.0,0.3125,0.0,,,92195.00,US,I,,0
account,1259,2.0,1.0,0.3539,0.0,,,97160.55,US,I,,0
account,1260,1.0,1.0,0.273,0.0,,,74042.02,US,I,,0
account,1261,1.0,1.0,0.2599,0.0,,,59469.79,US,I,,0
account,1262,1.0,1.0,0.2601,0.0,,,69938.96,US,I,,0
account,1263,1.0,1.0,0.2603,0.0,,,98715.46,US,I,,0
account,1264,1.0,1.0,0.2604,0.0,,,99376.20,US,I,cycle,1
account,1265,1.0,1.0,0.2606,0.0,,,54527.12,US,I,,0
account,1266,1.0,1.0,0.2608,0.0,,,98283.06,US,I,,0
account,1267,1.0,1.0,0.261,0.0,,,77112.25,US,I,,0
account,1268,1.0,1.0,0.2611,0.0,,,92820.46,US,I,,0
account,1269,1.0,1.0,0.2613,0.0,,,52029.11,US,I,,0
account,1270,1.0,1.0,0.2615,0.0,,,90749.09,US,I,,0
account,1271,1.0,1.0,0.2617,0.0,,,58362.43,US,I,,0
account,1272,1.0,1.0,0.2618,0.0,,,75244.19,US,I,,0
account,1273,1.0,1.0,0.262,0.0,,,94533.60,US,I,,0
account,1274,1.0,1.0,0.2622,0.0,,,67105.05,US,I,,0
account,1275,1.0,1.0,0.2623,0.0,,,74732.17,US,I,,0
account,1276,1.0,1.0,0.2625,0.0,,,66047.90,US,I,,0
account,1277,1.0,1.0,0.2627,0.0,,,73608.80,US,I,,0
account,1278,1.0,1.0,0.2628,0.0,,,50685.95,US,I,,0
account,1279,1.0,1.0,0.263,0.0,,,56905.92,US,I,,0
account,1280,1.0,1.0,0.2632,0.0,,,93120.60,US,I,,0
account,1281,1.0,1.0,0.2633,0.0,,,97138.48,US,I,,0
account,1282,1.0,1.0,0.2635,0.0,,,66734.46,US,I,,0
account,1283,1.0,1.0,0.2637,0.0,,,80907.91,US,I,,0
account,1284,1.0,1.0,0.2638,0.0,,,60708.50,US,I,,0
account,1285,1.0,1.0,0.264,0.0,,,53599.46,US,I,,0
account,1286,1.0,1.0,0.2641,0.0,,,94543.41,US,I,,0
account,1287,1.0,1.0,0.2643,0.0,,,50253.91,US,I,,0
account,1288,1.0,1.0,0.2645,0.0,,,69324.23,US,I,,0
account,1289,1.0,1.0,0.2646,0.0,,,89232.39,US,I,,0
account,1290,1.0,1.0,0.2648,0.0,,,72206.74,US,I,,0
account,1291,1.0,1.0,0.2649,0.0,,,85713.87,US,I,,0
account,1292,1.0,1.0,0.2651,0.0,,,91262.02,US,I,,0
account,1293,1.0,1.0,0.2652,0.0,,,82769.97,US,I,,0
account,1294,1.0,1.0,0.2654,0.0,,,92905.24,US,I,,0
account,1295,1.0,1.0,0.2656,0.0,,,84046.47,US,I,,0
account,1296,1.0,1.0,0.2657,0.0,,,58843.72,US,I,,0
account,1297,1.0,1.0,0.2659,0.0,,,67026.81,US,I,,0
account,1298,1.0,1.0,0.266,0.0,,,58044.38,US,I,,0
account,1299,1.0,1.0,0.2662,0.0,,,52243.61,US,I,,0
account,1300,1.0,1.0,0.2663,0.0,,,54364.10,US,I,,0
account,1301,1.0,1.0,0.2665,0.0,,,58048.54,US,I,,0
account,1302,1.0,1.0,0.2666,0.0,,,93827.35,US,I,,0
account,1303,1.0,1.0,0.2668,0.0,,,51453.26,US,I,cycle,1
account,1304,1.0,1.0,0.2669,0.0,,,59917.20,US,I,,0
account,1305,1.0,1.0,0.2671,0.0,,,87956.54,US,I,,0
account,1306,1.0,1.0,0.2672,0.0,,,90499.37,US,I,,0
account,1307,1.0,1.0,0.2673,0.0,,,89411.07,US,I,,0
account,1308,1.0,1.0,0.2675,0.0,,,97227.37,US,I,,0
account,1309,1.0,1.0,0.2676,0.0,,,70018.59,US,I,,0
account,1310,1.0,1.0,0.2678,0.0,,,96569.42,US,I,,0
account,1311,1.0,1.0,0.2679,0.0,,,94987.31,US,I,cycle,1
account,1312,1.0,1.0,0.2681,0.0,,,74025.83,US,I,,0
account,1313,1.0,1.0,0.2682,0.0,,,65574.89,US,I,,0
account,1314,1.0,1.0,0.2684,0.0,,,61689.29,US,I,,0
account,1315,1.0,1.0,0.2685,0.0,,,54510.27,US,I,,0
account,1316,1.0,1.0,0.2686,0.0,,,67167.96,US,I,,0
account,1317,1.0,1.0,0.2688,0.0,,,96942.16,US,I,,0
account,1318,1.0,1.0,0.2689,0.0,,,91777.58,US,I,,0
account,1319,2.0,1.0,0.4359,0.0,,,73531.28,US,I,,0
account,1320,2.0,1.0,0.4587,0.0,,,87865.92,US,I,,0
account,1321,2.0,1.0,0.4606,0.0,,,76236.89,US,I,,0
account,1322,2.0,1.0,0.447,0.0,,,87547.48,US,I,,0
account,1323,2.0,1.0,0.4492,0.0,,,66349.16,US,I,,0
account,1324,2.0,1.0,0.4587,0.0,,,58931.32,US,I,,0
account,1325,2.0,1.0,0.4649,0.0,,,74940.52,US,I,,0
account,1326,2.0,1.0,0.4604,0.0,,,84650.89,US,I,,0
account,1327,2.0,1.0,0.4355,0.0,,,86154.28,US,I,,0
account,1328,2.0,1.0,0.4364,0.0,,,80252.18,US,I,,0
account,1329,2.0,1.0,0.4641,0.0,,,70651.70,US,I,,0
account,1330,2.0,1.0,0.4489,0.0,,,91792.94,US,I,,0
account,1331,2.0,1.0,0.4413,0.0,,,59272.87,US,I,,0
account,1332,2.0,1.0,0.4474,0.0,,,82676.18,US,I,,0
account,1333,2.0,1.0,0.431,0.0,,,76743.15,US,I,,0
account,1334,2.0,1.0,0.4712,0.0,,,60894.01,US,I,,0
account,1335,2.0,1.0,0.4639,0.0,,,79641.56,US,I,,0
account,1336,2.0,1.0,0.4633,0.0,,,91207.16,US,I,,0
account,1337,2.0,1.0,0.4411,0.0,,,89492.08,US,I,,0
account,1338,2.0,1.0,0.4572,0.0,,,84274.84,US,I,,0
account,1339,2.0,1.0,0.4498,0.0,,,95093.76,US,I,,0
account,1340,2.0,1.0,0.4717,0.0,,,96518.12,US,I,,0
account,1341,2.0,1.0,0.4692,0.0,,,91839.58,US,I,,0
account,1342,2.0,1.0,0.4604,0.0,,,65519.28,US,I,,0
account,1343,2.0,1.0,0.4453,0.0,,,60978.93,US,I,,0
account,1344,2.0,1.0,0.4447,0.0,,,74617.96,US,I,,0
account,1345,2.0,1.0,0.4592,0.0,,,92047.16,US,I,,0
account,1346,2.0,1.0,0.466,0.0,,,54915.93,US,I,,0
account,1347,2.0,1.0,0.4456,0.0,,,81318.25,US,I,,0
account,1348,2.0,1.0,0.4324,0.0,,,95903.29,US,I,,0
account,1349,2.0,1.0,0.4622,0.0,,,85747.62,US,I,,0
account,1350,2.0,1.0,0.464,0.0,,,73887.79,US,I,,0
account,1351,2.0,1.0,0.4542,0.0,,,97997.15,US,I,,0
account,1352,2.0,1.0,0.4358,0.0,,,88699.88,US,I,,0
account,1353,2.0,1.0,0.4565,0.0,,,50426.22,US,I,,0
account,1354,2.0,1.0,0.454,0.0,,,95832.40,US,I,,0
account,1355,2.0,1.0,0.4425,0.0,,,80670.96,US,I,,0
account,1356,2.0,1.0,0.4683,0.0,,,68990.15,US,I,,0
account,1357,2.0,1.0,0.4699,0.0,,,51857.56,US,I,,0
account,1358,2.0,1.0,0.4714,0.0,,,77458.22,US,I,,0
account,1359,2.0,1.0,0.4486,0.0,,,56800.73,US,I,,0
account,1360,2.0,1.0,0.4661,0.0,,,68843.65,US,I,,0
account,1361,2.0,1.0,0.4683,0.0,,,61028.84,US,I,,0
account,1362,2.0,1.0,0.471,0.0,,,53857.16,US,I,,0
account,1363,2.0,1.0,0.4703,0.0,,,88321.65,US,I,,0
account,1364,2.0,1.0,0.4412,0.0,,,67151.72,US,I,,0
account,1365,2.0,1.0,0.4373,0.0,,,73826.24,US,I,,0
account,1366,2.0,1.0,0.4688,0.0,,,76609.59,US,I,,0
account,1367,2.0,1.0,0.4364,0.0,,,86444.31,US,I,,0
account,1368,2.0,1.0,0.4701,0.0,,,85669.73,US,I,,0
account,1369,2.0,1.0,0.4612,0.0,,,63326.72,US,I,,0
account,1370,2.0,1.0,0.4412,0.0,,,53940.85,US,I,,0
account,1371,2.0,1.0,0.4449,0.0,,,72946.15,US,I,,0
account,1372,2.0,1.0,0.4581,0.0,,,63507.37,US,I,,0
account,1373,2.0,1.0,0.4652,0.0,,,75434.90,US,I,,0
account,1374,2.0,1.0,0.4621,0.0,,,50172.34,US,I,,0
account,1375,2.0,1.0,0.4633,0.0,,,59494.54,US,I,,0
account,1376,2.0,1.0,0.4659,0.0,,,66703.76,US,I,,0
account,1377,2.0,1.0,0.4347,0.0,,,91238.25,US,I,,0
account,1378,2.0,1.0,0.4591,0.0,,,73453.55,US,I,,0
account,1379,2.0,1.0,0.4671,0.0,,,97259.12,US,I,,0
account,1380,2.0,1.0,0.4674,0.0,,,58293.03,US,I,,0
account,1381,2.0,1.0,0.4598,0.0,,,87711.07,US,I,,0
account,1382,2.0,1.0,0.4371,0.0,,,73603.65,US,I,,0
account,1383,2.0,1.0,0.4587,0.0,,,59728.13,US,I,,0
account,1384,2.0,1.0,0.4523,0.0,,,62882.88,US,I,,0
account,1385,2.0,1.0,0.447,0.0,,,86929.44,US,I,,0
account,1386,2.0,1.0,0.4723,0.0,,,54206.49,US,I,,0
account,1387,2.0,1.0,0.4705,0.0,,,52383.48,US,I,,0
account,1388,2.0,1.0,0.4635,0.0,,,75318.13,US,I,,0
account,1389,2.0,1.0,0.4703,0.0,,,69151.09,US,I,,0
account,1390,2.0,1.0,0.4685,0.0,,,78570.89,US,I,,0
account,1391,2.0,1.0,0.4546,0.0,,,85618.22,US,I,,0
account,1392,2.0,1.0,0.4539,0.0,,,56194.86,US,I,,0
account,1393,2.0,1.0,0.4708,0.0,,,76753.68,US,I,cycle,1
account,1394,2.0,1.0,0.4585,0.0,,,69667.29,US,I,,0
account,1395,2.0,1.0,0.4708,0.0,,,57115.61,US,I,,0
account,1396,2.0,1.0,0.4539,0.0,,,54992.56,US,I,,0
account,1397,2.0,1.0,0.4595,0.0,,,61663.24,US,I,,0
account,1398,2.0,1.0,0.4712,0.0,,,83267.83,US,I,,0
account,1399,2.0,1.0,0.4685,0.0,,,77189.04,US,I,,0
account,1400,2.0,1.0,0.4501,0.0,,,87998.55,US,I,,0
account,1401,2.0,1.0,0.4416,0.0,,,68978.32,US,I,,0
account,1402,2.0,1.0,0.4533,0.0,,,76791.83,US,I,,0
account,1403,2.0,1.0,0.4481,0.0,,,50855.33,US,I,,0
account,1404,2.0,1.0,0.4459,0.0,,,91282.96,US,I,,0
account,1405,2.0,1.0,0.4406,0.0,,,59233.71,US,I,,0
account,1406,2.0,1.0,0.4393,0.0,,,52516.31,US,I,,0
account,1407,2.0,1.0,0.4515,0.0,,,72024.89,US,I,,0
account,1408,2.0,1.0,0.4583,0.0,,,74495.55,US,I,,0
account,1409,2.0,1.0,0.4553,0.0,,,88230.56,US,I,,0
account,1410,2.0,1.0,0.4489,0.0,,,57494.17,US,I,,0
account,1411,2.0,1.0,0.4589,0.0,,,68218.09,US,I,,0
account,1412,2.0,1.0,0.4506,0.0,,,88562.12,US,I,,0
account,1413,2.0,1.0,0.4465,0.0,,,84003.45,US,I,,0
account,1414,2.0,1.0,0.4559,0.0,,,81687.98,US,I,,0
account,1415,2.0,1.0,0.4505,0.0,,,85809.22,US,I,,0
account,1416,2.0,1.0,0.4456,0.0,,,55651.23,US,I,fan_in,1
account,1417,2.0,1.0,0.469,0.0,,,93646.30,US,I,,0
account,1418,2.0,1.0,0.4683,0.0,,,64969.11,US,I,,0
account,1419,2.0,1.0,0.4538,0.0,,,75660.84,US,I,,0
account,1420,2.0,1.0,0.4502,0.0,,,90897.96,US,I,,0
account,1421,2.0,1.0,0.4597,0.0,,,95669.06,US,I,,0
account,1422,2.0,1.0,0.4541,0.0,,,74294.20,US,I,,0
account,1423,2.0,1.0,0.4653,0.0,,,61914.57,US,I,,0
account,1424,2.0,1.0,0.469,0.0,,,80904.16,US,I,,0
account,1425,2.0,1.0,0.4643,0.0,,,58113.98,US,I,,0
account,1426,2.0,1.0,0.4628,0.0,,,60236.95,US,I,,0
account,1427,2.0,1.0,0.4611,0.0,,,93349.54,US,I,,0
account,1428,2.0,1.0,0.4398,0.0,,,67427.84,US,I,,0
account,1429,2.0,1.0,0.4718,0.0,,,59263.46,US,I,,0
account,1430,2.0,1.0,0.4651,0.0,,,81642.63,US,I,,0
account,1431,2.0,1.0,0.4696,0.0,,,79100.54,US,I,,0
account,1432,2.0,1.0,0.4617,0.0,,,52943.81,US,I,,0
account,1433,2.0,1.0,0.461,0.0,,,98362.20,US,I,,0
account,1434,2.0,1.0,0.4736,0.0,,,67428.94,US,I,,0
account,1435,2.0,1.0,0.4694,0.0,,,59160.54,US,I,,0
account,1436,2.0,1.0,0.4719,0.0,,,71078.19,US,I,,0
account,1437,2.0,1.0,0.4495,0.0,,,95315.42,US,I,,0
account,1438,2.0,1.0,0.4698,0.0,,,98761.26,US,I,,0
account,1439,2.0,1.0,0.4635,0.0,,,50897.28,US,I,,0
account,1440,2.0,1.0,0.4561,0.0,,,95536.12,US,I,,0
account,1441,2.0,1.0,0.4586,0.0,,,61754.39,US,I,,0
account,1442,2.0,1.0,0.4492,0.0,,,88437.72,US,I,,0
account,1443,1.0,1.0,0.283,0.0,,,84987.77,US,I,,0
account,1444,1.0,1.0,0.2831,0.0,,,50857.55,US,I,,0
account,1445,1.0,1.0,0.2832,0.0,,,75294.22,US,I,,0
